testIndex	chr	start	end	strand	geneName	chrInt	(Intercept)	typeMacr	typeNeut	typeT	time	interaction	testStat	signedTestStat	pvalue	adjpvalue	robustAnalysis	robustInteraction	robustTestStat	robustSignedTestStat	robustPvalue	robustAdjPvalue
5468	chr4	2535630	2731920	+	FAM193A	4	-22795065443.6488	-1.93578517470767	-1.13189048746469	3.69442139201262	91180261754.2732	-0.474013276616193	0.028924423757573	-0.028924423757573	0.864953655479171	0.999561423277056	TRUE	-0.872495052375915	15.9493102678991	-15.9493102678991	6.50614811638084e-05	0.000627400680063914
17372	chr16	3725053	3881713	-	CREBBP	16	31006456158.481	-1.93547013746191	-1.13146908227039	3.69472790623855	-124025824654.248	-0.255856514962744	0.0166195431630172	-0.0166195431630172	0.897423477471922	0.999561423277056	TRUE	-0.32677203671503	15.9191966346801	-15.9191966346801	6.61048379715368e-05	0.000627400680063914
18955	chr17	48133441	48431214	-	SKAP1	17	25577451922.9358	-1.93531631877339	-1.13130816708495	3.69498946087579	-102309807712.069	-0.025918708988603	1.43522509432614e-05	-1.43522509432614e-05	0.996977272255597	0.999561423277056	TRUE	-0.0357690983115566	15.9164436942246	-15.9164436942246	6.62010555438908e-05	0.000627400680063914
18927	chr17	46589668	46757464	+	NSF	17	14170028827.917	-1.93519471421657	-1.13118946534014	3.69510923745332	-56680115331.993	-0.0259214675415252	3.25795602407197e-06	-3.25795602407197e-06	0.998559834394936	0.999561423277056	TRUE	-0.0357690983115542	15.9164418174553	-15.9164418174553	6.62011211866043e-05	0.000627400680063914
18574	chr17	31093926	31377677	+	NF1	17	25459552793.8618	-1.93517336904909	-1.13114951854862	3.69511136006678	-101838211195.773	-0.0260318347069737	0.000336869410361373	-0.000336869410361373	0.985356446885453	0.999561423277056	TRUE	-0.0246265958085282	15.8989369385704	-15.8989369385704	6.68162362231772e-05	0.000627400680063914
13903	chr12	751578	911452	+	WNK1	12	-5.06757350734574	-1.94677662990002	-1.14282678384785	3.68139575872813	-0.0328296527667011	-0.0310101865437906	-0.06445219453893	0.06445219453893	0.79959261782862	0.999561423277056	TRUE	-0.0292463582331675	15.8989142594638	-15.8989142594638	6.68170368761656e-05	0.000627400680063914
8800	chr7	18085948	18666923	+	HDAC9	7	-5.0656017407411	-1.94842759842371	-1.14450350916995	3.67943779169623	-0.0383740091838349	-0.0359882272265488	-0.0885604435895004	0.0885604435895004	0.766015292793011	0.999561423277056	TRUE	-0.0358461944166392	15.8988288046151	-15.8988288046151	6.68200538220809e-05	0.000627400680063914
18887	chr17	44395280	44504406	-	GPATCH8	17	-20087291098.9812	-1.93519147259761	-1.13118935683113	3.69510943308974	80349164375.6	-0.0259264681121047	1.25723514088349e-06	-1.25723514088349e-06	0.999105360176507	0.999561423277056	TRUE	-0.0160254295949774	15.8987668387357	-15.8987668387357	6.68222415860509e-05	0.000627400680063914
21602	chr20	35771014	35950370	+	PHF20	20	24534278234.5071	-1.93530671336023	-1.13130420092666	3.69498897647028	-98137112958.3546	-0.0259409919990715	9.56510535843336e-06	-9.56510535843336e-06	0.997532346097817	0.999561423277056	TRUE	-0.0160576332442777	15.8987654551856	-15.8987654551856	6.68222904344207e-05	0.000627400680063914
8037	chr6	42563061	42693504	+	UBR2	6	-25120314898.2855	-1.93529810514797	-1.1313070650201	3.69498986973329	100481259572.817	-0.0292330610696724	0.000157684813004266	-0.000157684813004266	0.98998101833798	0.999561423277056	TRUE	-0.0259439999490011	15.8987503292824	-15.8987503292824	6.68228244801172e-05	0.000627400680063914
8540	chr6	144290828	144853034	+	UTRN	6	-7983774627.70549	-1.93525182101791	-1.13124620836033	3.69504815945222	31935098490.4966	-0.0259322763249147	8.32301670357083e-05	-8.32301670357083e-05	0.992720954732208	0.999561423277056	TRUE	-0.0160256256312565	15.8986860704706	-15.8986860704706	6.68250932941428e-05	0.000627400680063914
897	chr1	64833244	65068732	-	JAK1	1	13826245103.6889	-1.93530976429971	-1.13130724947053	3.69498859196012	-55304980435.0817	-0.0259270364789157	1.28695084100627e-05	-1.28695084100627e-05	0.997137667320515	0.999561423277056	TRUE	-0.0160430726424601	15.8986849311402	-15.8986849311402	6.68251335217418e-05	0.000627400680063914
7835	chr6	31738947	31762676	+	MSH5	6	12148998280.1	-1.93519219839305	-1.13118739629345	3.69511080172504	-48595993140.7249	-0.0259336164673832	-1.03289062280965e-06	1.03289062280965e-06	0.99918910027329	0.999561423277056	TRUE	-0.0160247644738469	15.8986838644867	-15.8986838644867	6.68251711831713e-05	0.000627400680063914
16894	chr15	68053178	68193846	+	PIAS1	15	12148998280.0994	-1.93519219839305	-1.13118739629345	3.69511080172504	-48595993140.7226	-0.0259336164673831	-1.03289062280965e-06	1.03289062280965e-06	0.99918910027329	0.999561423277056	TRUE	-0.0160196918411348	15.898683292953	-15.898683292953	6.68251913629181e-05	0.000627400680063914
341	chr1	21678297	21784195	-	USP48	1	12148998280.0849	-1.93519219839305	-1.13118739629345	3.69511080172504	-48595993140.6644	-0.0259336164673825	-1.03289062280965e-06	1.03289062280965e-06	0.99918910027329	0.999561423277056	TRUE	-0.0160218404523408	15.8986816330441	-15.8986816330441	6.68252499711475e-05	0.000627400680063914
16852	chr15	64498291	64686068	+	ZNF609	15	-16146606331.9214	-1.93530438850333	-1.13132170286462	3.69498445667019	64586425307.3601	-0.0357991627031749	0.000151203519322962	-0.000151203519322962	0.9901890724878	0.999561423277056	TRUE	-0.035955606417621	15.8102443554302	-15.8102443554302	7.00223559576552e-05	0.000627400680063914
16971	chr15	74843729	74874365	-	SCAMP2	15	-16146606331.9214	-1.93530438850333	-1.13132170286462	3.69498445667019	64586425307.3601	-0.0357991627031749	0.000151203519322962	-0.000151203519322962	0.9901890724878	0.999561423277056	TRUE	-0.035955606417621	15.8102443554302	-15.8102443554302	7.00223559576552e-05	0.000627400680063914
15042	chr12	123632738	123662603	+	GTF2H3	12	-26980402095.7912	-1.93517979137033	-1.13120079650539	3.69510940541825	107921608362.84	-0.0358021181876418	7.04543761713694e-05	-7.04543761713694e-05	0.993302866614536	0.999561423277056	TRUE	-0.035955604158659	15.810243237528	-15.810243237528	7.00223973284508e-05	0.000627400680063914
15247	chr13	31845712	32299105	+	FRY	13	-26980402095.7912	-1.93517979137033	-1.13120079650539	3.69510940541825	107921608362.84	-0.0358021181876418	7.04543761713694e-05	-7.04543761713694e-05	0.993302866614536	0.999561423277056	TRUE	-0.035955604158659	15.810243237528	-15.810243237528	7.00223973284508e-05	0.000627400680063914
15254	chr13	32585451	32778019	+	PDS5B	13	-26980402095.7913	-1.93517979137033	-1.13120079650539	3.69510940541825	107921608362.841	-0.0358021181876417	7.04543761713694e-05	-7.04543761713694e-05	0.993302866614536	0.999561423277056	TRUE	-0.0359556041586589	15.810243237528	-15.810243237528	7.00223973284508e-05	0.000627400680063914
17177	chr15	99564699	99716466	+	MEF2A	15	-26980402095.7906	-1.93517979137033	-1.13120079650539	3.69510940541825	107921608362.838	-0.0358021181876419	7.35165915841662e-05	-7.35165915841662e-05	0.993158876634021	0.999561423277056	TRUE	-0.0359556041586583	15.810243237528	-15.810243237528	7.00223973284508e-05	0.000627400680063914
18419	chr17	16029156	16216534	-	NCOR1	17	-16146606331.9214	-1.93530438850333	-1.13132170286462	3.69498445667019	64586425307.3601	-0.035799162703175	0.000151203519322962	-0.000151203519322962	0.9901890724878	0.999561423277056	TRUE	-0.0359556041586584	15.810243237528	-15.810243237528	7.00223973284508e-05	0.000627400680063914
22653	chr22	41091591	41180077	+	EP300	22	-16146606331.9214	-1.93530438850333	-1.13132170286462	3.69498445667019	64586425307.3601	-0.0357991627031749	0.000152004620460389	-0.000152004620460389	0.990163118180487	0.999561423277056	TRUE	-0.0359556041586587	15.8102432375279	-15.8102432375279	7.00223973284508e-05	0.000627400680063914
5418	chr3	197748882	197787596	+	FYTTD1	3	-26980402095.7912	-1.93517979137033	-1.13120079650539	3.69510940541825	107921608362.84	-0.0358021181876416	7.04543761997911e-05	-7.04543761997911e-05	0.993302866613185	0.999561423277056	TRUE	-0.0359556041586585	15.8102432375268	-15.8102432375268	7.00223973285619e-05	0.000627400680063914
5419	chr3	197790234	197888436	+	LRCH3	3	-26980402095.7913	-1.93517979137033	-1.13120079650539	3.69510940541825	107921608362.841	-0.0358021181876414	7.04543761997911e-05	-7.04543761997911e-05	0.993302866613185	0.999561423277056	TRUE	-0.0359556041586585	15.8102432375268	-15.8102432375268	7.00223973285619e-05	0.000627400680063914
4152	chr3	15667235	15860771	-	ANKRD28	3	21640631198.7059	-1.93579064022848	-1.13189588412895	3.69442021357837	-86562524815.1467	-0.474005662349741	0.0290128796537346	-0.0290128796537346	0.864749301839252	0.999561423277056	TRUE	-1.2297664396874	13.9122138215363	-13.9122138215363	0.000191549685532144	0.0016502742138154
334	chr1	20806291	21177888	-	EIF4G3	1	-14579707092.4404	-1.93525573217824	-1.13130416046645	3.69498808927611	58318828349.4362	-0.0337714839914084	0.000632435949412979	-0.000632435949412979	0.979936691068118	0.999561423277056	TRUE	-0.0335073808346764	7.83355181202624	-7.83355181202624	0.00512852252133045	0.0425477423991859
12181	chr10	103088017	103194306	-	NT5C2	10	15135768550.4692	-1.94986576029662	-1.14562550523249	3.67809335608006	-60543074222.1532	-0.638293651209055	0.0406296955678158	-0.0406296955678158	0.840254392352599	0.999561423277056	TRUE	-0.87789110688422	0.101818633962978	-0.101818633962978	0.749658021860558	0.998392646747167
11379	chr9	136006536	136096289	-	NACC2	9	-1817841645.73923	-2.02588298048379	-1.22243059218835	3.56523094283597	7271366562.87936	-1.23649574397338	-1.97322201619632	1.97322201619632	0.160106278052786	0.999561423277056	TRUE	-0.877429138251288	0.0838407562048928	-0.0838407562048928	0.772158470364781	0.998392646747167
19269	chr17	75941506	75980166	-	ACOX1	17	-3787103706.1776	-2.04817187697783	-1.24394733461082	3.53162090056302	15148414805.1225	1.57785769292525	-15.4807249651614	-15.4807249651614	8.33508965680796e-05	0.00971037945018127	TRUE	-0.0322467637162852	0.0631346548772882	-0.0631346548772882	0.801608379958268	0.998392646747167
4413	chr3	49277143	49341053	-	USP4	3	24681604478.505	-1.94932010381697	-1.14449986638342	3.67944662544749	-98726417934.2816	1.5904680230356	0.353152888563969	0.353152888563969	0.552333759759667	0.999561423277056	TRUE	-0.0322181665948254	0.0631329077890257	-0.0631329077890257	0.801611067682362	0.998392646747167
446	chr1	27233631	27308636	+	WDTC1	1	-37345398239.6225	-1.93551647100153	-1.13133223081929	3.69473421324081	149381592938.167	-0.25142065063078	0.0159372151764785	-0.0159372151764785	0.899539824951274	0.999561423277056	TRUE	-0.465699455899509	0.0628011386521905	-0.0628011386521905	0.802122180468135	0.998392646747167
6808	chr5	83076497	83353758	+	XRCC4	5	12124926767.302	-1.9353014418141	-1.13130752022003	3.69498866059381	-48499707089.5332	-0.0292403712044322	0.000157545817231153	-0.000157545817231153	0.989985434838001	0.999561423277056	TRUE	-0.0358330770577048	0.052832424292518	-0.052832424292518	0.818205960706658	0.998392646747167
2231	chr1	226231156	226310733	-	LIN9	1	-9363896758.47937	-1.94677270291505	-1.14252212956999	3.68141876348462	37455587013.6479	1.15449275605338	0.164250947356067	0.164250947356067	0.68527255018835	0.999561423277056	TRUE	-0.872486136091058	0.0506597921934997	-0.0506597921934997	0.821919137796484	0.998392646747167
13424	chr11	74747848	74842413	+	RNF169	11	-27251185645.4751	-1.93578612405995	-1.13189140130365	3.69441878361453	109004742561.578	-0.474021356035925	0.0290134113643177	-0.0290134113643177	0.864748074434394	0.999561423277056	TRUE	-0.872495855603359	0.0506558134229067	-0.0506558134229067	0.821926013792061	0.998392646747167
5076	chr3	151085888	151437072	+	MED12L	3	-26404064182.1843	-1.9358753407292	-1.13166059697765	3.69443566564385	105616256708.414	-0.465546782400701	0.0279406412814609	-0.0279406412814609	0.867248450464266	0.999561423277056	TRUE	-0.872508433446676	0.0505705902667444	-0.0505705902667444	0.82207336214861	0.998392646747167
14932	chr12	115953871	116278719	-	MED13L	12	22138131694.3964	-1.93587877235191	-1.13165906092485	3.69443297999912	-88552526797.9076	-0.465545157125404	0.0278589457281555	-0.0278589457281555	0.867440870258205	0.999561423277056	TRUE	-0.872508433446673	0.050564733233756	-0.050564733233756	0.822083493576827	0.998392646747167
7960	chr6	36026710	36111236	+	MAPK14	6	26865071686.9447	-1.94823515029976	-1.14439682433856	3.67969394720247	-107460286768.072	-0.493836836115948	-0.0251553454601208	0.0251553454601208	0.873980587415244	0.999561423277056	TRUE	-0.877563440805161	0.0504152341253672	-0.0504152341253672	0.822342304389017	0.998392646747167
22645	chr22	40410288	40637719	-	MRTFA	22	26449745934.0796	-1.93591001138314	-1.13201548345629	3.69429679723353	-105798983756.641	-0.4741550197697	0.029011063812149	-0.029011063812149	0.864753493629388	0.999561423277056	TRUE	-0.877563440805163	0.0504152341253672	-0.0504152341253672	0.822342304389017	0.998392646747167
22791	chr22	50673891	50733298	+	SHANK3	22	22745007677.3335	-1.93579471005607	-1.13189720732323	3.69440965277848	-90980030729.6568	-0.473995210075534	0.0290134835335323	-0.0290134835335323	0.864747907839308	0.999561423277056	TRUE	-0.877563440805163	0.0504152341253672	-0.0504152341253672	0.822342304389017	0.998392646747167
19116	chr17	63008555	63427699	+	TANC2	17	-20087291098.9812	-1.93519147259761	-1.13118935683113	3.69510943308974	80349164375.6	-0.0259264681121048	1.25723514088349e-06	-1.25723514088349e-06	0.999105360176507	0.999561423277056	TRUE	-0.0357942923465291	0.0495287911467841	-0.0495287911467841	0.82388524987227	0.998392646747167
3445	chr2	159318978	159617569	-	BAZ2B	2	-14990662505.6763	-1.93529145313338	-1.13132037048989	3.69498766006408	59962650002.3797	-0.0358322276028621	0.000232269549655939	-0.000232269549655939	0.98784039720688	0.999561423277056	TRUE	-0.0359046725257138	0.0452461219865086	-0.0452461219865086	0.831552106796039	0.998392646747167
13159	chr11	63680449	63759891	+	RTN3	11	1062610321.77057	-1.93561110617561	-1.13152978258163	3.69462344120336	-4250441307.40576	-0.326774741372244	0.0204401509354284	-0.0204401509354284	0.886314619938097	0.999561423277056	TRUE	-0.0259244292636175	0.0326864638302169	-0.0326864638302169	0.856529287150361	0.998392646747167
10364	chr8	115408495	115670001	-	TRPS1	8	30187710950.6755	-1.93554976484631	-1.13169134570271	3.69462186646469	-120750843823.025	-0.332849285888302	0.0211470509295424	-0.0211470509295424	0.88437907247693	0.999561423277056	TRUE	-0.0357984731946159	0.0325148490850751	-0.0325148490850751	0.856902342038301	0.998392646747167
2368	chr1	245749346	246508279	-	SMYD3	1	-15743591353.026	-1.93599440569234	-1.13177969473373	3.69430871090282	62974365391.7817	-0.465699567291117	0.0279389273821238	-0.0279389273821238	0.867252484286959	0.999561423277056	TRUE	-0.0160130322064348	0.0324496704237873	-0.0324496704237873	0.857044293218377	0.998392646747167
8336	chr6	108558834	108684774	+	FOXO3	6	30612610399.9519	-1.93640432444194	-1.13209367944022	3.6943680162488	-122450441620.129	-0.3209334007533	0.0195793881221249	-0.0195793881221249	0.888718168546201	0.999561423277056	TRUE	-0.0160658744690084	0.0323626119828617	-0.0323626119828617	0.857234125683377	0.998392646747167
22484	chr22	29882168	30030866	+	MTMR3	22	7694740004.65419	-1.93561133422135	-1.13152975752363	3.6946253030882	-30778960038.9402	-0.326771678198483	0.0204409966674177	-0.0204409966674177	0.886312284019695	0.999561423277056	TRUE	-0.025930924508432	0.0323279474838358	-0.0323279474838358	0.857309785601314	0.998392646747167
14552	chr12	57253763	57432005	-	R3HDM2	12	-29791520133.6223	-1.93554581203589	-1.13169414474393	3.6946182116573	119166080514.166	-0.33286434018944	0.0212222037406349	-0.0212222037406349	0.884175253380757	0.999561423277056	TRUE	-0.0358460052652835	0.031983858260503	-0.031983858260503	0.858063088788665	0.998392646747167
21146	chr19	55312800	55326341	-	TMEM150B	19	10629436533.5051	-1.93107221386403	-1.12637071536525	3.69994143515256	-42517746154.3646	2.32572633491744	1.11370822677095	1.11370822677095	0.29127728055605	0.999561423277056	TRUE	-0.035780796263845	0.0310943352203736	-0.0310943352203736	0.860030091873151	0.998392646747167
13293	chr11	66743735	66843328	+	C11orf80	11	-19783551939.974	-1.93561196131393	-1.13153038753109	3.69462629643385	79134207739.5732	-0.326768590666048	0.0203601865896133	-0.0203601865896133	0.886535705277898	0.999561423277056	TRUE	-0.474007398181626	0.0290973642817818	-0.0290973642817818	0.864554421831509	0.998392646747167
18810	chr17	42199176	42277391	-	STAT5B	17	13166654000.5768	-1.93694321837659	-1.13266312408553	3.69336457496905	-52666616022.6248	-0.608055511951487	0.0718957334126031	-0.0718957334126031	0.788596331309065	0.999561423277056	TRUE	-0.468411598827668	0.0283542630406828	-0.0283542630406828	0.866278644739784	0.998392646747167
17210	chr16	233520	270080	+	FAM234A	16	-14987643222.9615	-1.93618206941637	-1.13232294253597	3.69446068142398	59950572871.5238	-0.332461289825446	0.0211203401666324	-0.0211203401666324	0.884451602786861	0.999561423277056	TRUE	-0.471000515151651	0.0282417193356821	-0.0282417193356821	0.866541798062875	0.998392646747167
18109	chr16	89267629	89491561	-	ANKRD11	16	19941236964.2233	-1.93561163661014	-1.13153442094186	3.69462227712595	-79764947877.2175	-0.326780074968479	0.0204274337847181	-0.0204274337847181	0.886349750755892	0.999561423277056	TRUE	-0.465535878929135	0.0280199304134641	-0.0280199304134641	0.867061974902106	0.998392646747167
17573	chr16	28097994	28212869	-	XPO6	16	-24817735132.4888	-1.93561676514196	-1.13153511796843	3.69461937121384	99270940509.6325	-0.326766847087632	0.0203628703431207	-0.0203628703431207	0.886528278061913	0.999561423277056	TRUE	-0.465535162006687	0.0280197840243659	-0.0280197840243659	0.86706231893614	0.998392646747167
17482	chr16	18804859	18927408	-	SMG1	16	-24817735132.4888	-1.93561676514196	-1.13153511796843	3.69461937121384	99270940509.6325	-0.326766847087632	0.0203628703431207	-0.0203628703431207	0.886528278061913	0.999561423277056	TRUE	-0.465542023205107	0.0279362193908383	-0.0279362193908383	0.867258858057443	0.998392646747167
18249	chr17	5281283	5386340	+	RABEP1	17	-32163136049.078	-1.93551360817845	-1.13132968434332	3.6947407240758	128652544175.989	-0.251416261098292	0.0159406392419896	-0.0159406392419896	0.89952909095367	0.999561423277056	TRUE	-0.326772555219167	0.0204679848353635	-0.0204679848353635	0.886237768364938	0.998392646747167
19352	chr17	80543837	80966368	+	RPTOR	17	-12907865199.8663	-1.93519104037432	-1.13131158536643	3.69545279758169	51631460779.139	0.293493796258441	0.0520755017509913	0.0520755017509913	0.819490315604019	0.999561423277056	TRUE	-0.141022121660552	0.0100609909957683	-0.0100609909957683	0.920102591853166	0.998392646747167
7876	chr6	32261701	32407763	+	TSBP1-AS1	6	15302180217.2669	-1.93524999846269	-1.13128774639771	3.69498840800679	-61208720889.3931	-0.0324037599428615	0.000712348202824842	-0.000712348202824842	0.978707107135938	0.999561423277056	TRUE	-0.0320463456001158	0.000639732600802745	-0.000639732600802745	0.979821308554349	0.998392646747167
19307	chr17	77958239	78106037	+	TNRC6C	17	37175730138.3384	-1.93515703155188	-1.13115957436269	3.69511288740759	-148702920573.679	-0.0300127521515384	0.000559737476478972	-0.000559737476478972	0.981124792241224	0.999561423277056	TRUE	-0.0315615861740677	0.000636164599441713	-0.000636164599441713	0.979877646905027	0.998392646747167
4361	chr3	47016688	47164967	-	SETD2	3	-32292126612.2647	-1.93514702210128	-1.13118705806872	3.69511062870052	129168506428.734	-0.0330990767663625	0.00038446387112856	-0.00038446387112856	0.984356281191637	0.999561423277056	TRUE	-0.0326261509729554	0.000394559528871241	-0.000394559528871241	0.984152244172624	0.998392646747167
13267	chr11	66069271	66244744	+	PACS1	11	-23455178784.4502	-1.93526904169955	-1.13137037571985	3.69486118116045	93820715117.4765	-0.163160812354254	0.0117233356735937	-0.0117233356735937	0.913778065764173	0.999561423277056	TRUE	-0.0325896150739438	0.0003940602415895	-0.0003940602415895	0.984162273138078	0.998392646747167
13300	chr11	67118262	67258082	+	KDM2A	11	-4596257403.74217	-1.94186012514409	-1.13788434324365	3.68721057747966	18385029594.6606	-0.0293513246744377	-0.0122192947303432	0.0122192947303432	0.911980400176533	0.999561423277056	TRUE	-0.0279791009300452	0.000332654409390898	-0.000332654409390898	0.985448337083127	0.998392646747167
12876	chr11	45932565	46122178	-	PHF21A	11	21547391968.0466	-1.93517067516726	-1.13120275078962	3.69510835519239	-86189567892.5122	-0.0358602010202522	0.000320602129065151	-0.000320602129065151	0.985714348308555	0.999561423277056	TRUE	-0.0358762637442316	0.000321099111161516	-0.000321099111161516	0.985703281313173	0.998392646747167
13406	chr11	73400486	73599189	-	FAM168A	11	-5.06658770749366	-1.94759573735178	-1.14365671216811	3.68041694617098	-0.0340363714095404	-0.032034754510022	-0.0688529835488936	0.0688529835488936	0.793014213219342	0.999561423277056	TRUE	-0.0309246573243393	0.000320569890618572	-0.000320569890618572	0.985715066503387	0.998392646747167
1958	chr1	197504747	197776480	-	DENND1B	1	-10562498098.0443	-1.93516797544223	-1.13120469902054	3.69510839737993	42249992371.8514	-0.0358769682454735	0.000312440659996582	-0.000312440659996582	0.985897334013559	0.999561423277056	TRUE	-0.0358664641325502	0.000320363453937489	-0.000320363453937489	0.985719666271263	0.998392646747167
11296	chr9	129887186	130044194	-	FNBP1	9	21547391968.0467	-1.93517067516726	-1.13120275078962	3.69510835519239	-86189567892.5124	-0.0358602010202522	0.000320602129065151	-0.000320602129065151	0.985714348308555	0.999561423277056	TRUE	-0.0358894494118257	0.000320184289449799	-0.000320184289449799	0.985723659569079	0.998392646747167
18212	chr17	4269258	4367482	-	UBE2G1	17	-19021659055.2256	-1.93537910194251	-1.13141984689926	3.69478669770357	76086636200.579	-0.212815184491663	0.0142337980479681	-0.0142337980479681	0.905033340472252	0.999561423277056	TRUE	-0.0308952694708402	0.000318905945931647	-0.000318905945931647	0.985752184353786	0.998392646747167
19249	chr17	75318075	75406709	-	GRB2	17	35746698436.467	-1.93517096290197	-1.13119982434661	3.69510602011607	-142986793766.194	-0.0358613425912504	0.000309657616000436	-0.000309657616000436	0.985960277265958	0.999561423277056	TRUE	-0.0358772034913453	0.000313864521856999	-0.000313864521856999	0.985865239396459	0.998392646747167
19088	chr17	59706653	59842255	+	VMP1	17	-5.06954275562427	-1.94513568707898	-1.14115927581148	3.6833497072368	-0.027376614241552	-0.0260457781294041	-0.0446235748134711	0.0446235748134711	0.832697714425519	0.999561423277056	TRUE	-0.0292371024410205	0.000257895171984046	-0.000257895171984046	0.987187230873495	0.998392646747167
19368	chr17	81556886	81638112	-	NPLOC4	17	19513491401.5203	-1.93554084340372	-1.1317157886082	3.69459347726376	-78053965626.4049	-0.260676006176026	0.0172446948674718	-0.0172446948674718	0.895522916618385	0.999561423277056	TRUE	-0.0358085779608728	0.000251342901506746	-0.000251342901506746	0.987351029458936	0.998392646747167
789	chr1	51354262	51520266	-	EPS15	1	-6574647994.63808	-1.94186573012462	-1.13789928195277	3.68721061061996	26298591958.2434	-0.0309603266652019	-0.0135594512872643	0.0135594512872643	0.907299827967403	0.999561423277056	TRUE	-0.0292254361773914	0.000248351351501697	-0.000248351351501697	0.987426524225301	0.998392646747167
18653	chr17	37084991	37407836	-	ACACA	17	35746698436.4671	-1.93517096290197	-1.13119982434661	3.69510602011607	-142986793766.194	-0.0358613425912505	0.000309657616000436	-0.000309657616000436	0.985960277265958	0.999561423277056	TRUE	-0.0358706765498082	0.000246210184400297	-0.000246210184400297	0.98748083834921	0.998392646747167
18920	chr17	46029915	46226389	-	KANSL1	17	30815434582.7852	-1.93562327682988	-1.13214440655969	3.69511357940203	-123261738351.466	0.448710038258369	0.108252809558607	0.108252809558607	0.742142122700343	0.999561423277056	TRUE	-0.0230955409547749	0.000245632767075676	-0.000245632767075676	0.987495525864153	0.998392646747167
18688	chr17	39252662	39402626	-	FBXL20	17	-5.06560174074109	-1.94842759842371	-1.14450350916995	3.67943779169623	-0.0383740091838346	-0.035988227226545	-0.0885604435822671	0.0885604435822671	0.766015292802288	0.999561423277056	TRUE	-0.0358450895048217	0.00023892851538676	-0.00023892851538676	0.987667339964539	0.998392646747167
405	chr1	25429857	25500205	+	MACO1	1	-5.06757350734574	-1.94677662990002	-1.14282678384785	3.68139575872812	-0.0328296527667011	-0.0310101865437914	-0.0644521945306025	0.0644521945306025	0.799592617841291	0.999561423277056	TRUE	-0.0292582643528582	0.000237386881366319	-0.000237386881366319	0.987707188089691	0.998392646747167
13905	chr12	990207	1495933	+	ERC1	12	-5.06757350734574	-1.94677662990002	-1.14282678384785	3.68139575872813	-0.032829652766701	-0.0310101865437909	-0.0644521945262966	0.0644521945262966	0.799592617847842	0.999561423277056	TRUE	-0.035848687043973	0.00023663889028569	-0.00023663889028569	0.987726568776989	0.998392646747167
17904	chr16	68084369	68229259	+	NFATC3	16	-22745653346.411	-1.9351799433594	-1.13120392777748	3.69511137502779	90982613365.3193	-0.0358260028362093	0.000160608887966873	-0.000160608887966873	0.989888554999991	0.999561423277056	TRUE	-0.0358582320477036	0.000234832973291077	-0.000234832973291077	0.987773487325241	0.998392646747167
17926	chr16	69423618	69466264	+	CYB5B	16	-22745653346.411	-1.9351799433594	-1.13120392777748	3.69511137502779	90982613365.3193	-0.0358260028362093	0.000160608887966873	-0.000160608887966873	0.989888554999991	0.999561423277056	TRUE	-0.0358582320477036	0.000234832973291077	-0.000234832973291077	0.987773487325241	0.998392646747167
19323	chr17	78674047	78783297	-	CYTH1	17	-5.06560174074109	-1.94842759842371	-1.14450350916995	3.67943779169623	-0.0383740091838346	-0.0359882272265451	-0.0885604435822671	0.0885604435822671	0.766015292802288	0.999561423277056	TRUE	-0.0358450895048178	0.000233538895244578	-0.000233538895244578	0.987807219138991	0.998392646747167
18312	chr17	7483619	7499758	+	POLR2A	17	-22745653346.411	-1.9351799433594	-1.13120392777748	3.69511137502779	90982613365.3193	-0.0358260028362093	0.000160608887966873	-0.000160608887966873	0.989888554999991	0.999561423277056	TRUE	-0.0358455469656073	0.000233356686862862	-0.000233356686862862	0.987811976135668	0.998392646747167
14949	chr12	118149800	118373907	-	TAOK3	12	-14550257712.9613	-1.93517302006636	-1.13120203946477	3.69510996462041	58201030831.5204	-0.035846174879972	0.000158440886437461	-0.000158440886437461	0.989957028620809	0.999561423277056	TRUE	-0.0358455570376873	0.000229719084046565	-0.000229719084046565	0.987907336386443	0.998392646747167
465	chr1	27970346	28089637	-	EYA3	1	-20741968215.3416	-1.93516894286313	-1.1312013997737	3.69510882144188	82967872841.0417	-0.0358691137471975	0.000239376701827609	-0.000239376701827609	0.98765577939223	0.999561423277056	TRUE	-0.0358906814136233	0.000225569031897521	-0.000225569031897521	0.988017057584127	0.998392646747167
14456	chr12	54230941	54281122	-	CBX5	12	18710192115.3881	-1.93213369905944	-1.12682714941215	3.57520341988636	-74840768481.8947	2.19641490445989	1.62664569264771	1.62664569264771	0.202167624818603	0.999561423277056	TRUE	-0.0271136429752011	0.000204446312523032	-0.000204446312523032	0.988591858368284	0.998392646747167
4279	chr3	41246598	41963103	-	ULK4	3	-20176759003.0771	-1.93530299831138	-1.13131084593603	3.69498561361621	80707035991.9832	-0.0292278570565609	0.000157506353019699	-0.000157506353019699	0.989986689142701	0.999561423277056	TRUE	-0.0358141034661886	0.000175621670237547	-0.000175621670237547	0.989426557660066	0.998392646747167
6556	chr5	36875768	37066413	+	NIPBL	5	12148998280.0975	-1.93519219839304	-1.13118739629345	3.69511080172504	-48595993140.7147	-0.0259336164673827	-1.03289062280965e-06	1.03289062280965e-06	0.99918910027329	0.999561423277056	TRUE	-0.0357934815752046	0.00017257227528944	-0.00017257227528944	0.989518749926591	0.998392646747167
559	chr1	35267708	35422058	+	ZMYM4	1	-19134547009.4394	-1.93560892334932	-1.13152744026171	3.69462580620842	76538188017.4347	-0.326766989286131	0.0203543671752442	-0.0203543671752442	0.886551812067316	0.999561423277056	TRUE	-0.0259253391068828	0.000167062279388119	-0.000167062279388119	0.989687423800935	0.998392646747167
13162	chr11	63837927	63911019	+	MARK2	11	-25120314898.1529	-1.93529810513524	-1.13130706500591	3.69498986975745	100481259572.286	-0.0292330610671899	0.000157236739482869	-0.000157236739482869	0.989995262571006	0.999561423277056	TRUE	-0.0259591286898276	0.000166363395592839	-0.000166363395592839	0.989709015884494	0.998392646747167
297	chr1	19074509	19211266	-	UBR4	1	-30578214530.3143	-1.93442170139263	-1.13041711414737	3.69453023520075	122312858100.928	-0.255151042158811	0.0162067463885478	-0.0162067463885478	0.89869843310342	0.999561423277056	TRUE	-0.0292352774408702	0.000164967266201188	-0.000164967266201188	0.9897522856867	0.998392646747167
18554	chr17	29389599	29551904	+	TAOK1	17	-5.06954275562427	-1.94513568707898	-1.14115927581148	3.6833497072368	-0.027376614241552	-0.0260457781294049	-0.0446235748129453	0.0446235748129453	0.832697714426491	0.999561423277056	TRUE	-0.0292442586112963	0.000163726349356352	-0.000163726349356352	0.98979089901128	0.998392646747167
12485	chr11	2444007	2849105	+	KCNQ1	11	-5.0656017407411	-1.94842759842371	-1.14450350916995	3.67943779169623	-0.0383740091838348	-0.0359882272265488	-0.0885604435867293	0.0885604435867293	0.766015292796565	0.999561423277056	TRUE	-0.0358572255327989	0.000162962272270306	-0.000162962272270306	0.989814747456039	0.998392646747167
4369	chr3	47585268	47782893	-	SMARCC1	3	-5.06954275562427	-1.94513568707898	-1.14115927581148	3.6833497072368	-0.0273766142415516	-0.0260457781294045	-0.0446235748129453	0.0446235748129453	0.832697714426491	0.999561423277056	TRUE	-0.0259619104702889	0.000162362710938169	-0.000162362710938169	0.989833500200437	0.998392646747167
14587	chr12	62259337	62416389	+	USP15	12	-5.0656017407411	-1.94842759842371	-1.14450350916995	3.67943779169623	-0.0383740091838348	-0.0359882272265486	-0.0885604435895004	0.0885604435895004	0.766015292793011	0.999561423277056	TRUE	-0.0358572255327994	0.000161019002462126	-0.000161019002462126	0.989875654144813	0.998392646747167
1560	chr1	155335267	155563803	-	ASH1L	1	12148998280.0858	-1.93519219839305	-1.13118739629345	3.69511080172504	-48595993140.668	-0.0259336164673827	-1.03289062280965e-06	1.03289062280965e-06	0.99918910027329	0.999561423277056	TRUE	-0.0357707442212973	0.000160887420449285	-0.000160887420449285	0.98987979149067	0.998392646747167
13401	chr11	72836744	73143318	-	FCHSD2	11	-5.0656017407411	-1.94842759842371	-1.14450350916995	3.67943779169623	-0.0383740091838348	-0.0359882272265486	-0.0885604435895004	0.0885604435895004	0.766015292793011	0.999561423277056	TRUE	-0.0358461944166392	0.000159975856163896	-0.000159975856163896	0.989908500483637	0.998392646747167
10597	chr9	3218301	3527001	-	RFX3	9	-5.0656017407411	-1.94842759842371	-1.14450350916995	3.67943779169623	-0.0383740091838348	-0.0359882272265488	-0.0885604435895004	0.0885604435895004	0.766015292793011	0.999561423277056	TRUE	-0.0358688469687069	0.000159119484166581	-0.000159119484166581	0.989935545860405	0.998392646747167
19304	chr17	77280498	77500593	+	SEPTIN9	17	16577226756.1758	-1.93563452673978	-1.13218166040102	3.69511053945215	-66308907045.0282	1.60169390974059	0.4212830478927	0.4212830478927	0.516297521681189	0.999561423277056	TRUE	-0.0357563977991921	0.000158473774760637	-0.000158473774760637	0.989955986396445	0.998392646747167
7421	chr5	177132078	177300210	+	NSD1	5	-26980402095.7913	-1.93517979137033	-1.13120079650539	3.69510940541825	107921608362.841	-0.0358021181876415	7.04543761997911e-05	-7.04543761997911e-05	0.993302866613185	0.999561423277056	TRUE	-0.03581350338059	0.000158218817247757	-0.000158218817247757	0.989964068782228	0.998392646747167
4371	chr3	47850695	48089839	-	MAP4	3	-19676291879.8367	-1.9351918881111	-1.13118978002681	3.69511093711526	78705167499.0221	-0.025917799289212	4.19445812838148e-06	-4.19445812838148e-06	0.998365903538512	0.999561423277056	TRUE	-0.0357809775971173	0.000157046455385057	-0.000157046455385057	0.990001317832135	0.998392646747167
15029	chr12	123154214	123234141	-	MPHOSPH9	12	-16229602495.1846	-1.93578529591566	-1.13189060953355	3.69442198903223	64918409960.4163	-0.474002647932808	0.0289273098246099	-0.0289273098246099	0.86494698292486	0.999561423277056	TRUE	-0.0357807634849963	0.000156868189904458	-0.000156868189904458	0.990006993963838	0.998392646747167
7463	chr5	179697966	179731641	+	CANX	5	-26980402095.7913	-1.93517979137033	-1.13120079650539	3.69510940541825	107921608362.841	-0.0358021181876415	7.04543761997911e-05	-7.04543761997911e-05	0.993302866613185	0.999561423277056	TRUE	-0.0358135048616645	0.000155774317548207	-0.000155774317548207	0.990041894686382	0.998392646747167
21325	chr20	2863183	3038674	+	PTPRA	20	27981726161.5464	-1.93578553883416	-1.13189079812082	3.69441661443418	-111926904666.508	-0.47401427827301	0.0289232676144167	-0.0289232676144167	0.864956328565147	0.999561423277056	TRUE	-0.0357808073736485	0.000155285605615063	-0.000155285605615063	0.990057526966842	0.998392646747167
6759	chr5	76402284	76708132	+	IQGAP2	5	17021870642.5175	-1.93580162512497	-1.13190471988376	3.69441055801532	-68087482590.393	-0.47400110028909	0.0290134884389346	-0.0290134884389346	0.864747896515708	0.999561423277056	TRUE	-0.0357813883789094	0.000155217792070061	-0.000155217792070061	0.990059698040826	0.998392646747167
453	chr1	27404229	27491167	-	WASF2	1	21877684858.2552	-1.93517755556387	-1.13120625110175	3.69510909876882	-87510739453.3465	-0.0358448655773544	0.000233497290963669	-0.000233497290963669	0.987808305157209	0.999561423277056	TRUE	-0.0358461961865616	0.000150795646476354	-0.000150795646476354	0.990202313289938	0.998392646747167
18209	chr17	4004444	4144030	-	ZZEF1	17	-5.06954275562427	-1.94513568707898	-1.14115927581148	3.6833497072368	-0.0273766142415521	-0.0260457781294045	-0.0446235748134711	0.0446235748134711	0.832697714425519	0.999561423277056	TRUE	-0.0226688011311654	0.000143481986171423	-0.000143481986171423	0.990442850801237	0.998392646747167
22245	chr21	46457890	46570015	+	DIP2A	21	13844488765.643	-1.93519498873628	-1.131181936003	3.69510782125401	-55377955082.8982	-0.0226580882915269	5.15815177095647e-05	-5.15815177095647e-05	0.994269620478421	0.999561423277056	TRUE	-0.0259470006745977	0.000106728267383005	-0.000106728267383005	0.991757251179503	0.998392646747167
17219	chr16	424648	523011	+	RAB11FIP3	16	12124926767.302	-1.9353014418141	-1.13130752022003	3.69498866059381	-48499707089.5332	-0.0292403712044325	0.000157545817231153	-0.000157545817231153	0.989985434838001	0.999561423277056	TRUE	-0.025958492846709	0.000103968182358472	-0.000103968182358472	0.991864527867427	0.998392646747167
17544	chr16	23834982	24220611	+	PRKCB	16	14170028827.9171	-1.93519471421657	-1.13118946534014	3.69510923745332	-56680115331.9933	-0.0259214675415251	3.25795602407197e-06	-3.25795602407197e-06	0.998559834394936	0.999561423277056	TRUE	-0.0160335877790512	0.000100270617920728	-0.000100270617920728	0.992010499112026	0.998392646747167
7906	chr6	33250271	33272876	-	VPS52	6	-25424236216.7932	-1.93519186443541	-1.13118084384074	3.69511206560737	101696944846.848	-0.0160771252308214	-5.51088864284566e-05	5.51088864284566e-05	0.994076929658307	0.999561423277056	TRUE	-0.0160656594681408	9.98048051599199e-05	-9.98048051599199e-05	0.992029077932782	0.998392646747167
7389	chr5	173887348	173961980	+	CPEB4	5	13615644976.3468	-1.93531001807621	-1.13130750338095	3.69498965836356	-54462579925.7133	-0.0259270835268185	1.81755463017907e-05	-1.81755463017907e-05	0.99659840595499	0.999561423277056	TRUE	-0.0160335953470531	9.97559127853265e-05	-9.97559127853265e-05	0.992031030504532	0.998392646747167
6390	chr5	303175	438291	+	AHRR	5	13615644976.3469	-1.93531001807621	-1.13130750338095	3.69498965836356	-54462579925.7137	-0.0259270835268183	1.81755463017907e-05	-1.81755463017907e-05	0.99659840595499	0.999561423277056	TRUE	-0.0160241775522902	9.92646984769863e-05	-9.92646984769863e-05	0.992050674316427	0.998392646747167
22520	chr22	31439366	31490842	-	EIF4ENIF1	22	-5.08139642056298	-1.93520523548683	-1.13118563281127	3.69510689692183	-0.0160641501651918	-0.0160641495896806	-0.0293224458576731	0.0293224458576731	0.864036644644539	0.999561423277056	TRUE	-0.0160706216736333	9.83016258544467e-05	-9.83016258544467e-05	0.992089329476898	0.998392646747167
13742	chr11	119205297	119308147	+	CBL	11	-5.08139642056298	-1.93520523548683	-1.13118563281127	3.69510689692183	-0.0160641501651925	-0.0160641495896806	-0.0293224458576589	0.0293224458576589	0.864036644644572	0.999561423277056	TRUE	-0.0160659938003505	9.67238920992486e-05	-9.67238920992486e-05	0.992153067037729	0.998392646747167
19958	chr19	5622082	5668478	+	SAFB	19	12818547877.8321	-1.93519375480898	-1.13118880731331	3.69510753378949	-51274191531.6531	-0.0259252114172487	1.78774646997226e-06	-1.78774646997226e-06	0.998933175706808	0.999561423277056	TRUE	-0.0160335561894241	9.45224654884669e-05	-9.45224654884669e-05	0.992242875884346	0.998392646747167
11392	chr9	136440096	136484759	-	SEC16A	9	-19676291879.8367	-1.9351918881111	-1.13118978002681	3.69511093711526	78705167499.0221	-0.0259177992892122	4.19445812838148e-06	-4.19445812838148e-06	0.998365903538512	0.999561423277056	TRUE	-0.016033568648089	9.41168482029298e-05	-9.41168482029298e-05	0.992259537042385	0.998392646747167
21028	chr19	51570282	51592510	+	ZNF175	19	-20087291098.9811	-1.93519147259761	-1.13118935683113	3.69510943308974	80349164375.5995	-0.0259264681121047	1.25723514088349e-06	-1.25723514088349e-06	0.999105360176507	0.999561423277056	TRUE	-0.0357916219631508	9.37181172986357e-05	-9.37181172986357e-05	0.992275950368265	0.998392646747167
2375	chr1	246839097	246932948	-	AHCTF1	1	-19676291879.8369	-1.9351918881111	-1.13118978002681	3.69511093711526	78705167499.0226	-0.0259177992892125	4.19445812838148e-06	-4.19445812838148e-06	0.998365903538512	0.999561423277056	TRUE	-0.0160335561894247	9.20354039095628e-05	-9.20354039095628e-05	0.992345605156119	0.998392646747167
6201	chr4	150264434	151016727	-	LRBA	4	12148998280.0994	-1.93519219839305	-1.13118739629345	3.69511080172504	-48595993140.7226	-0.0259336164673831	-1.03289062280965e-06	1.03289062280965e-06	0.99918910027329	0.999561423277056	TRUE	-0.0160335887060968	9.17237910726953e-05	-9.17237910726953e-05	0.992358573844911	0.998392646747167
19096	chr17	60177326	60393133	-	USP32	17	-20087291098.9811	-1.93519147259761	-1.13118935683113	3.69510943308974	80349164375.5998	-0.0259264681121048	1.25723514088349e-06	-1.25723514088349e-06	0.999105360176507	0.999561423277056	TRUE	-0.0160216553323057	9.15666859810926e-05	-9.15666859810926e-05	0.992365120591227	0.998392646747167
12654	chr11	9778666	10295207	-	SBF2	11	31398473494.8306	-1.9352480846387	-1.13123830260413	3.69505132470513	-125593893999.648	-0.0226575764864415	9.30240163796725e-05	-9.30240163796725e-05	0.992304605802862	0.999561423277056	TRUE	-0.0259398324601161	8.79631621018007e-05	-8.79631621018007e-05	0.992516855853627	0.998392646747167
19936	chr19	4401639	4443397	+	CHAF1A	19	-21184600363.1236	-1.90331073261175	-1.09358427768884	3.73272660221463	84738401432.0186	8.03116377817761	35.9126615761995	35.9126615761995	2.06363315324865e-09	4.80826524706934e-07	TRUE	-0.0357821248221215	8.77302048323259e-05	-8.77302048323259e-05	0.992526771126436	0.998392646747167
19402	chr17	82101469	82213813	-	CCDC57	17	-1506256162.17562	-1.93519352501144	-1.131180738746	3.69510878592112	6025024628.37694	-0.0226626023471768	9.46783841442311e-05	-9.46783841442311e-05	0.992236480876243	0.999561423277056	TRUE	-0.0259470011873017	8.61931926721127e-05	-8.61931926721127e-05	0.992592523088733	0.998392646747167
21387	chr20	9068053	9480813	+	PLCB4	20	1783097406.7077	-1.93519109901592	-1.13120072645127	3.69620002030986	-7132389647.15627	-0.0218270559424675	4.62585895206757e-05	-4.62585895206757e-05	0.994573336324792	0.999561423277056	TRUE	-4.33653698971211e-18	8.29725282045501e-05	-8.29725282045501e-05	0.992732229287946	0.998392646747167
14609	chr12	65823130	65966295	+	HMGA2	12	-25120314898.1555	-1.93529810514797	-1.1313070650201	3.69498986973329	100481259572.297	-0.029233061069676	0.000157567354406751	-0.000157567354406751	0.989984750380761	0.999561423277056	TRUE	-0.0259469888260039	8.22615872664301e-05	-8.22615872664301e-05	0.992763431960359	0.998392646747167
18849	chr17	43169480	43211689	+	NBR1	17	-28773286133.1395	-1.93578483413707	-1.13189652222191	3.69441790846842	115093144512.235	-0.474025122148893	0.0290133720598078	-0.0290133720598078	0.864748165164835	0.999561423277056	TRUE	-0.0357820677815218	8.21612312620346e-05	-8.21612312620346e-05	0.992767847355237	0.998392646747167
569	chr1	35930104	36072500	+	AGO3	1	-5.06954275562427	-1.94513568707898	-1.14115927581148	3.6833497072368	-0.0273766142415517	-0.0260457781294032	-0.0446235748159722	0.0446235748159722	0.8326977144209	0.999561423277056	TRUE	-0.029231904020085	8.20864162562884e-05	-8.20864162562884e-05	0.992771140769611	0.998392646747167
7369	chr5	171861548	172007873	-	FBXW11	5	12148998280.0975	-1.93519219839304	-1.13118739629345	3.69511080172504	-48595993140.7147	-0.0259336164673827	-1.03289062280965e-06	1.03289062280965e-06	0.99918910027329	0.999561423277056	TRUE	-0.0357722929476614	8.169526027757e-05	-8.169526027757e-05	0.992788384249206	0.998392646747167
11998	chr10	87862624	87971930	+	PTEN	10	31804208302.6355	-1.93578883910525	-1.13189410710093	3.69441609627613	-127216833230.864	-0.474035400685128	0.0289209896550062	-0.0289209896550062	0.864961595531696	0.999561423277056	TRUE	-0.0357758229140731	8.04241293224095e-05	-8.04241293224095e-05	0.992844706968474	0.998392646747167
18334	chr17	7883795	7912755	+	CHD3	17	25577451922.9358	-1.93531631877339	-1.13130816708495	3.69498946087579	-102309807712.069	-0.0259187089886031	1.43522509432614e-05	-1.43522509432614e-05	0.996977272255597	0.999561423277056	TRUE	-0.0357934815752058	7.84607900072842e-05	-7.84607900072842e-05	0.992932582937588	0.998392646747167
83	chr1	3068202	3438621	+	PRDM16	1	12148998280.0826	-1.93519219839305	-1.13118739629345	3.69511080172504	-48595993140.6553	-0.0259336164673825	-1.03289062280965e-06	1.03289062280965e-06	0.99918910027329	0.999561423277056	TRUE	-0.0357934815752054	7.72397974202477e-05	-7.72397974202477e-05	0.992987788062772	0.998392646747167
2643	chr2	27889728	28338901	+	BABAM2	2	-19676291879.8369	-1.9351918881111	-1.13118978002681	3.69511093711526	78705167499.0226	-0.0259177992892125	4.19445812838148e-06	-4.19445812838148e-06	0.998365903538512	0.999561423277056	TRUE	-0.0357735339417708	7.71237555312609e-05	-7.71237555312609e-05	0.992993057336275	0.998392646747167
16404	chr14	101963572	102056443	+	DYNC1H1	14	12148998280.0994	-1.93519219839305	-1.13118739629345	3.69511080172504	-48595993140.7224	-0.0259336164673831	-1.03289062280965e-06	1.03289062280965e-06	0.99918910027329	0.999561423277056	TRUE	-0.0357934815752056	7.65546778751514e-05	-7.65546778751514e-05	0.993018955811424	0.998392646747167
5707	chr4	48497356	48781279	-	FRYL	4	-26980402095.7912	-1.93517979137033	-1.13120079650539	3.69510940541825	107921608362.84	-0.0358021181876416	7.04543761997911e-05	-7.04543761997911e-05	0.993302866613185	0.999561423277056	TRUE	-0.0358135048616617	7.4378880498216e-05	-7.4378880498216e-05	0.993118874218632	0.998392646747167
14457	chr12	54261614	54279063	+	SCAT2	12	-25989815193.7353	-1.9352032934821	-1.13122259052135	3.69645170089206	103959260754.615	-0.0271417258159625	4.51889047212717e-05	-4.51889047212717e-05	0.994636445496871	0.999561423277056	TRUE	-0.0218505077612332	4.89517530866124e-05	-4.89517530866124e-05	0.994417603972519	0.998392646747167
7763	chr6	30600412	30618243	-	PPP1R10	6	25514474229.0513	-1.93520150935676	-1.13117623351627	3.69510746011135	-102057896936.531	-0.0161093021823082	4.19990097810796e-05	-4.19990097810796e-05	0.994829214205231	0.999561423277056	TRUE	-0.0161018188025343	3.00279613583143e-05	-3.00279613583143e-05	0.99562779202418	0.998392646747167
18316	chr17	7560918	7571969	+	SENP3	17	-25424236216.7878	-1.93519186443541	-1.13118084384074	3.69511206560737	101696944846.827	-0.0160771252308215	-5.51088864284566e-05	5.51088864284566e-05	0.994076929658307	0.999561423277056	TRUE	-0.0160658882277426	2.97548891126098e-05	-2.97548891126098e-05	0.995647717511792	0.998392646747167
13999	chr12	6976184	7019476	-	LPCAT3	12	12992505389.4239	-1.93519350978297	-1.1311885212649	3.69510812848773	-51970021578.0203	-0.025933798706182	1.78951938778482e-06	-1.78951938778482e-06	0.998932646850507	0.999561423277056	TRUE	-0.0160205928788657	2.22442443487125e-05	-2.22442443487125e-05	0.9962368868243	0.998392646747167
1374	chr1	150066292	150145326	+	VPS45	1	12648203967.4351	-1.93519399510856	-1.1311890829868	3.69510852492835	-50592815890.0652	-0.025922482491967	1.78717945686913e-06	-1.78717945686913e-06	0.998933344900531	0.999561423277056	TRUE	-0.0160291796757303	2.06245019001017e-05	-2.06245019001017e-05	0.996376483001428	0.998392646747167
1355	chr1	148807465	149032955	+	PDE4DIP	1	12148998280.0849	-1.93519219839305	-1.13118739629345	3.69511080172504	-48595993140.6644	-0.0259336164673826	-1.03289062280965e-06	1.03289062280965e-06	0.99918910027329	0.999561423277056	TRUE	-0.0160336942697305	2.02170480605446e-05	-2.02170480605446e-05	0.996412454070027	0.998392646747167
4783	chr3	114314500	115148271	-	ZBTB20	3	-20188860259.4699	-1.9351961489698	-1.13118239868588	3.69510475189896	80755441017.5539	-0.0160747061337547	2.904560267325e-05	-2.904560267325e-05	0.995699903962017	0.999561423277056	TRUE	-0.0160658803229673	1.83915885827446e-05	-1.83915885827446e-05	0.996578249401499	0.998392646747167
13196	chr11	64764605	64779786	-	SF1	11	-5.08139642056298	-1.93520523548683	-1.13118563281127	3.69510689692183	-0.0160641501651925	-0.0160641495896806	-0.0293224458576589	0.0293224458576589	0.864036644644572	0.999561423277056	TRUE	-0.0160656594681423	1.73521776360985e-05	-1.73521776360985e-05	0.996676346064639	0.998392646747167
16138	chr14	67818828	68730218	+	RAD51B	14	-15705264944.9948	-1.93599442962817	-1.13177969586029	3.69430870757288	62821059759.6566	-0.465696283213186	0.0279389273328974	-0.0279389273328974	0.86725248440282	0.999561423277056	TRUE	-0.0160336955825539	1.72385621652893e-05	-1.72385621652893e-05	0.996687244883658	0.998392646747167
16618	chr15	40160068	40221123	+	BUB1B	15	14170028827.9171	-1.93519471421657	-1.13118946534014	3.69510923745332	-56680115331.9932	-0.0259214675415251	3.25795602407197e-06	-3.25795602407197e-06	0.998559834394936	0.999561423277056	TRUE	-0.016033731632714	1.72328683731848e-05	-1.72328683731848e-05	0.996687792017118	0.998392646747167
5413	chr3	197042597	197300067	-	DLG1	3	13615644976.3468	-1.93531001807621	-1.13130750338095	3.69498965836356	-54462579925.7133	-0.0259270835268185	1.81755463017907e-05	-1.81755463017907e-05	0.99659840595499	0.999561423277056	TRUE	-0.0160337316327176	1.58513100387836e-05	-1.58513100387836e-05	0.996823334441756	0.998392646747167
161	chr1	10031831	10181239	+	UBE4B	1	12648203967.4351	-1.93519399510856	-1.1311890829868	3.69510852492835	-50592815890.0652	-0.0259224824919672	1.78717945686913e-06	-1.78717945686913e-06	0.998933344900531	0.999561423277056	TRUE	-0.0160336941823962	1.45840718630552e-05	-1.45840718630552e-05	0.996952958258492	0.998392646747167
19363	chr17	81394474	81466331	+	BAHCC1	17	22138131694.3989	-1.93587877235191	-1.13165906092485	3.69443297999912	-88552526797.9178	-0.465545157125404	0.0278589457281555	-0.0278589457281555	0.867440870258205	0.999561423277056	TRUE	-0.0160336812200905	1.42131098357368e-05	-1.42131098357368e-05	0.99699196012659	0.998392646747167
20951	chr19	49590181	49626439	+	PRR12	19	20954122947.2535	-1.9351963806241	-1.1311853602752	3.69511140735281	-83816491809.3387	-0.0160565180964209	-5.24138739308455e-05	5.24138739308455e-05	0.99422357156013	0.999561423277056	TRUE	-0.0160561883532087	1.20176171947151e-05	-1.20176171947151e-05	0.997234024209172	0.998392646747167
16922	chr15	71822290	72119150	-	MYO9A	15	12148998280.0991	-1.93519219839305	-1.13118739629345	3.69511080172504	-48595993140.7213	-0.0259336164673832	-1.03289062280965e-06	1.03289062280965e-06	0.99918910027329	0.999561423277056	TRUE	-0.0160437387971715	9.87687307940632e-06	-9.87687307940632e-06	0.997492452993411	0.998392646747167
13338	chr11	68459730	68615334	+	PPP6R3	11	13826245103.6755	-1.93530976429971	-1.13130724947053	3.69498859196012	-55304980435.0279	-0.0259270364789155	1.28695083958519e-05	-1.28695083958519e-05	0.997137667322096	0.999561423277056	TRUE	-0.0160182511766085	9.13163501081726e-06	-9.13163501081726e-06	0.99758890860672	0.998392646747167
17272	chr16	1611359	1677908	+	CRAMP1	16	12148998280.0994	-1.93519219839305	-1.13118739629345	3.69511080172504	-48595993140.7224	-0.0259336164673831	-1.03289062280965e-06	1.03289062280965e-06	0.99918910027329	0.999561423277056	TRUE	-0.0160196918411348	7.76145198244649e-06	-7.76145198244649e-06	0.997777145751297	0.998392646747167
18812	chr17	42313323	42389568	-	STAT3	17	29445124671.9844	-1.93518801985923	-1.13118590415954	3.69510991566576	-117780498708.262	-0.025930914226303	-4.44643474395434e-06	4.44643474395434e-06	0.998317536306764	0.999561423277056	TRUE	-0.0160336717387387	7.24515123806668e-06	-7.24515123806668e-06	0.997852351194266	0.998392646747167
715	chr1	45016398	45207605	-	ZSWIM5	1	6581743211.01178	-1.93524966849673	-1.13123841599035	3.69504942225674	-26326972864.3724	-0.022662925324374	9.2515712765362e-05	-9.2515712765362e-05	0.992325658612573	0.999561423277056	TRUE	-0.0259493567468648	6.58856009749798e-06	-6.58856009749798e-06	0.997951976948906	0.998392646747167
2322	chr1	235661049	235867924	-	LYST	1	13826245103.6889	-1.93530976429971	-1.13130724947053	3.69498859196012	-55304980435.0817	-0.0259270364789158	1.28695084100627e-05	-1.28695084100627e-05	0.997137667320515	0.999561423277056	FALSE	0	0	0	1	1
8036	chr6	42224930	42453051	-	TRERF1	6	-15705264944.9935	-1.93599442962817	-1.13177969586029	3.69430870757288	62821059759.6516	-0.465696283213188	0.0279389273328974	-0.0279389273328974	0.86725248440282	0.999561423277056	FALSE	0	0	0	1	1
8701	chr7	996985	1139257	-	C7orf50	7	30747778778.0909	-1.93519421861089	-1.1311973040017	3.69620234144012	-122991115132.688	-0.0218319916275158	-3.0572278035379e-05	3.0572278035379e-05	0.995588342902814	0.999561423277056	FALSE	0	0	0	1	1
10901	chr9	77716096	78032811	-	GNAQ	9	33047396487.1744	-1.93578815616461	-1.13189346429849	3.6944134504076	-132189585969.02	-0.474041667577457	0.0289178312604577	-0.0289178312604577	0.864968898542776	0.999561423277056	FALSE	0	0	0	1	1
13158	chr11	63624086	63672376	-	ATL3	11	21104193628.8187	-1.93587533490641	-1.13165584856567	3.69443506934551	-84416774535.5968	-0.465548050442257	0.0278592614710647	-0.0278592614710647	0.867440126022374	0.999561423277056	FALSE	0	0	0	1	1
13183	chr11	64304496	64316738	+	ESRRA	11	12148998280.0849	-1.93519219839305	-1.13118739629345	3.69511080172504	-48595993140.6644	-0.0259336164673827	-1.03289062280965e-06	1.03289062280965e-06	0.99918910027329	0.999561423277056	FALSE	0	0	0	1	1
16976	chr15	74994562	75021495	+	SCAMP5	15	-15705264944.9953	-1.93599442962817	-1.13177969586029	3.69430870757288	62821059759.6585	-0.465696283213187	0.0279389273328974	-0.0279389273328974	0.86725248440282	0.999561423277056	FALSE	0	0	0	1	1
18391	chr17	12019833	12143830	+	MAP2K4	17	25577451922.9391	-1.93531631877339	-1.13130816708495	3.69498946087579	-102309807712.082	-0.0259187089886011	1.43522509432614e-05	-1.43522509432614e-05	0.996977272255597	0.999561423277056	FALSE	0	0	0	1	1
18490	chr17	19904301	19978828	-	AKAP10	17	29445124671.9844	-1.93518801985923	-1.13118590415954	3.69510991566576	-117780498708.262	-0.025930914226303	-4.44643474395434e-06	4.44643474395434e-06	0.998317536306764	0.999561423277056	FALSE	0	0	0	1	1
2628	chr2	27381198	27410591	-	PPM1G	2	-21535373890.0166	-1.93598546578706	-1.13199050645123	3.72061609172294	86141495539.7448	-0.543527339600667	0.0320570218202647	-0.0320570218202647	0.857902565455908	0.999561423277056	TRUE	-3.37981775846356e-16	-4.05829050009743e-06	4.05829050009743e-06	0.998392646747167	0.998392646747167
11494	chr10	5047811	5107503	+	AKR1C3	10	-5.08139642056298	-1.93520523548683	-1.13118563281127	3.69510689692183	-0.0160641501651925	-0.0160641495896806	-0.0293224458576589	0.0293224458576589	0.864036644644572	0.999561423277056	TRUE	-0.016077960605644	-5.59541470863678e-05	5.59541470863678e-05	0.99403167929822	0.998392646747167
20107	chr19	10653260	10692417	+	ILF3	19	-5.08139642056298	-1.93520523548683	-1.13118563281127	3.69510689692183	-0.016064150165192	-0.0160641495896806	-0.0293224458576731	0.0293224458576731	0.864036644644539	0.999561423277056	TRUE	-0.016077960605644	-5.59541471005787e-05	5.59541471005787e-05	0.994031679297462	0.998392646747167
4437	chr3	49939006	50077249	+	RBM6	3	-5.08139642056298	-1.93520523548683	-1.13118563281127	3.69510689692183	-0.0160641501651926	-0.0160641495896806	-0.0293224458576589	0.0293224458576589	0.864036644644572	0.999561423277056	TRUE	-0.0160731367609728	-6.45028014645277e-05	6.45028014645277e-05	0.993591967861383	0.998392646747167
22774	chr22	50342303	50445090	+	PPP6R2	22	22479147596.9033	-1.93519942155313	-1.13319462345432	3.69510743880732	-89916590407.9379	1.61782024731333	0.427715528893827	0.427715528893827	0.513112037660317	0.999561423277056	TRUE	-0.00804028237996298	-0.00724033552153003	0.00724033552153003	0.932189712217832	0.998392646747167
138	chr1	8352403	8818640	-	RERE	1	-4596257403.74222	-1.94186012514409	-1.13788434324365	3.68721057747966	18385029594.6608	-0.0293513246744374	-0.0122192947303432	0.0122192947303432	0.911980400176533	0.999561423277056	TRUE	-0.0280277075943981	-0.0112805009912904	0.0112805009912904	0.915415972687898	0.998392646747167
7877	chr6	32288525	32372899	-	TSBP1	6	5107514010.30189	-1.94183635678988	-1.13788249909703	3.68721098066986	-20430056061.5168	-0.0316175337322315	-0.0137792069783842	0.0137792069783842	0.906555075622389	0.999561423277056	TRUE	-0.0310681337609258	-0.0133177437414673	0.0133177437414673	0.908126074360885	0.998392646747167
22459	chr22	27978013	28680865	-	TTC28	22	17256899673.3694	-1.93537937204661	-1.13140172392142	3.69476638427403	-69027598713.8022	-0.145112161084406	0.0105761669085211	-0.0105761669085211	0.918089567214645	0.999561423277056	TRUE	-0.164307973028575	-0.016647936632765	0.016647936632765	0.897336376771065	0.998392646747167
18814	chr17	42457887	42522611	+	ATP6V0A1	17	12818547877.781	-1.93519375480898	-1.13118880731331	3.69510753378949	-51274191531.4487	-0.0259252114172487	1.78774645576141e-06	-1.78774645576141e-06	0.998933175711048	0.999561423277056	TRUE	-0.0358550893886084	-0.0182034041092294	0.0182034041092294	0.89267513313406	0.998392646747167
20980	chr19	50383322	50418018	+	POLD1	19	-20087291098.9812	-1.93519147259761	-1.13118935683113	3.69510943308974	80349164375.6	-0.0259264681121047	1.25723514088349e-06	-1.25723514088349e-06	0.999105360176507	0.999561423277056	TRUE	-0.0358550893886103	-0.0182034041092436	0.0182034041092436	0.892675133134018	0.998392646747167
20105	chr19	10601509	10644550	+	SLC44A2	19	12818547877.7797	-1.93519375480898	-1.13118880731331	3.69510753378949	-51274191531.4435	-0.0259252114172486	3.0214198432077e-07	-3.0214198432077e-07	0.999561423277056	0.999561423277056	TRUE	-0.0358550893886083	-0.0182192388081575	0.0182192388081575	0.892628746312222	0.998392646747167
14520	chr12	56271700	56301391	-	CS	12	12992505389.4239	-1.93519350978297	-1.1311885212649	3.69510812848773	-51970021578.0206	-0.0259337987061821	3.26048407828239e-06	-3.26048407828239e-06	0.998559275746088	0.999561423277056	TRUE	-0.0358550893886085	-0.0182211387300555	0.0182211387300555	0.89262318198176	0.998392646747167
14327	chr12	49366461	49527425	+	SPATS2	12	-5.0656017407411	-1.94842759842371	-1.14450350916995	3.67943779169623	-0.0383740091838348	-0.0359882272265486	-0.0885604435895004	0.0885604435895004	0.766015292793011	0.999561423277056	TRUE	-0.0359046725257156	-0.0182593865477116	0.0182593865477116	0.892511227774251	0.998392646747167
7952	chr6	35573584	35729583	-	FKBP5	6	-5.06560174074109	-1.94842759842371	-1.14450350916995	3.67943779169623	-0.0383740091838349	-0.0359882272265494	-0.0885604435857772	0.0885604435857772	0.766015292797786	0.999561423277056	TRUE	-0.0359046725257159	-0.0182612948581635	0.0182612948581635	0.892505645136165	0.998392646747167
14631	chr12	68609898	68671901	+	RAP1B	12	13826245103.6786	-1.93530976429971	-1.13130724947053	3.69498859196012	-55304980435.0403	-0.0259270364789152	1.28695083958519e-05	-1.28695083958519e-05	0.997137667322096	0.999561423277056	TRUE	-0.0358550893886084	-0.0182828544457578	0.0182828544457578	0.892442594587083	0.998392646747167
18543	chr17	28759397	28855990	-	FAM222B	17	-5.06560174074109	-1.94842759842371	-1.14450350916995	3.67943779169623	-0.0383740091838346	-0.0359882272265451	-0.0885604435822671	0.0885604435822671	0.766015292802288	0.999561423277056	TRUE	-0.035916125359574	-0.0182983863738997	0.0182983863738997	0.892397195254096	0.998392646747167
16685	chr15	42738729	42921778	-	TTBK2	15	12148998280.0994	-1.93519219839305	-1.13118739629345	3.69511080172504	-48595993140.7224	-0.0259336164673832	-1.03289062280965e-06	1.03289062280965e-06	0.99918910027329	0.999561423277056	TRUE	-0.0358550893886085	-0.0182998939045689	0.0182998939045689	0.892392789834566	0.998392646747167
16828	chr15	61852388	62061473	-	VPS13C	15	10043945143.8326	-1.93519147219584	-1.1311893574828	3.6951094336516	-40175780595.6552	-0.0259286935846804	-6.30937890377936e-07	6.30937890377936e-07	0.999366227602625	0.999561423277056	TRUE	-0.0358550893886085	-0.0182998939045689	0.0182998939045689	0.892392789834566	0.998392646747167
1961	chr1	198155997	198322420	+	NEK7	1	14170028828.0298	-1.93519471421657	-1.13118946534014	3.69510923745332	-56680115332.4439	-0.0259214675415247	3.25795602407197e-06	-3.25795602407197e-06	0.998559834394936	0.999561423277056	TRUE	-0.0358550893886083	-0.0183051925479134	0.0183051925479134	0.892377307206271	0.998392646747167
18088	chr16	88569380	88631966	+	ZC3H18	16	-31118022501.8302	-1.93618722775034	-1.13232108449594	3.69446033921644	124472089986.999	-0.33245042619959	0.0211219533823765	-0.0211219533823765	0.884447220938222	0.999561423277056	TRUE	-0.0358845451742358	-0.0183215954304927	0.0183215954304927	0.892329392466868	0.998392646747167
18332	chr17	7856685	7886209	-	NAA38	17	31751087284.8827	-1.94717526892021	-1.14285451114234	3.68101136434729	-127004349159.831	-0.254809826471522	-0.0429034884794817	0.0429034884794817	0.835907105157918	0.999561423277056	TRUE	-0.0160964071323652	-0.0293215885831444	0.0293215885831444	0.864038612829317	0.998392646747167
16663	chr15	41659411	41769943	+	MGA	15	-26204158239.0996	-1.93516496395489	-1.13116698118237	3.69511339454606	104816632936.074	-0.0292955372745839	0.000233265271148753	-0.000233265271148753	0.987814363466865	0.999561423277056	TRUE	-0.0320456526294739	-0.0685417535525659	0.0685417535525659	0.793471937878833	0.998392646747167
6752	chr5	75068296	75237878	-	ANKRD31	5	-26980402095.7913	-1.93517979137033	-1.13120079650539	3.69510940541825	107921608362.841	-0.0358021181876415	7.04543761997911e-05	-7.04543761997911e-05	0.993302866613185	0.999561423277056	TRUE	-0.0359556064176215	-0.0884208334589403	0.0884208334589403	0.766194420543696	0.998392646747167
20284	chr19	17074780	17213295	+	MYO9B	19	-26980402095.7913	-1.93517979137033	-1.13120079650539	3.69510940541825	107921608362.841	-0.0358021181876419	7.04543761997911e-05	-7.04543761997911e-05	0.993302866613185	0.999561423277056	TRUE	-0.0359556064176207	-0.0884214924124791	0.0884214924124791	0.76619357470736	0.998392646747167
1504	chr1	153804724	153923972	-	GATAD2B	1	-26980402095.7913	-1.93517979137033	-1.13120079650539	3.69510940541825	107921608362.84	-0.0358021181876415	7.35165915841662e-05	-7.35165915841662e-05	0.993158876634021	0.999561423277056	TRUE	-0.0359556064176245	-0.0884214924144686	0.0884214924144686	0.766193574704806	0.998392646747167
19417	chr17	82518731	82604602	+	FOXK2	17	-26980402095.7914	-1.93517979137033	-1.13120079650539	3.69510940541825	107921608362.841	-0.0358021181876421	7.35165915841662e-05	-7.35165915841662e-05	0.993158876634021	0.999561423277056	TRUE	-0.0359556041586585	-0.0884219513611413	0.0884219513611413	0.766192985600396	0.998392646747167
19864	chr19	2071035	2097326	-	MOB3A	19	-16146606331.9214	-1.93530438850333	-1.13132170286462	3.69498445667019	64586425307.3601	-0.035799162703175	0.000151203519322962	-0.000151203519322962	0.9901890724878	0.999561423277056	TRUE	-0.0359556041586586	-0.0884219513611413	0.0884219513611413	0.766192985600396	0.998392646747167
8091	chr6	44826725	45378934	-	SUPT3H	6	-26980402095.7906	-1.93517979137033	-1.13120079650539	3.69510940541825	107921608362.838	-0.0358021181876416	7.35165915841662e-05	-7.35165915841662e-05	0.993158876634021	0.999561423277056	TRUE	-0.0359556041586586	-0.0884219513637845	0.0884219513637845	0.766192985597003	0.998392646747167
8219	chr6	78934418	79079254	-	PHIP	6	-26980402095.7906	-1.93517979137033	-1.13120079650539	3.69510940541825	107921608362.838	-0.0358021181876416	7.35165915841662e-05	-7.35165915841662e-05	0.993158876634021	0.999561423277056	TRUE	-0.0359556041586586	-0.0884219513637845	0.0884219513637845	0.766192985597003	0.998392646747167
14535	chr12	56731295	56753374	-	PRIM1	12	-26980402095.7912	-1.93517979137033	-1.13120079650539	3.69510940541825	107921608362.84	-0.0358021181876418	7.04543761713694e-05	-7.04543761713694e-05	0.993302866614536	0.999561423277056	TRUE	-0.035955604158659	-0.0884248459237256	0.0884248459237256	0.766189270175292	0.998392646747167
156	chr1	9728925	9824965	-	CLSTN1	1	-26980402095.7913	-1.93517979137033	-1.13120079650539	3.69510940541825	107921608362.841	-0.0358021181876413	7.04543761997911e-05	-7.04543761997911e-05	0.993302866613185	0.999561423277056	TRUE	-0.0359556041586584	-0.0884252298368295	0.0884252298368295	0.766188777394103	0.998392646747167
12883	chr11	46396413	46595021	-	AMBRA1	11	-26980402095.7913	-1.93517979137033	-1.13120079650539	3.69510940541825	107921608362.84	-0.0358021181876416	7.35165915841662e-05	-7.35165915841662e-05	0.993158876634021	0.999561423277056	TRUE	-0.0359556041586587	-0.0884267273115	0.0884267273115	0.766186855284465	0.998392646747167
12889	chr11	46743047	46847280	-	CKAP5	11	-26980402095.7906	-1.93517979137033	-1.13120079650539	3.69510940541825	107921608362.838	-0.0358021181876418	7.35165915841662e-05	-7.35165915841662e-05	0.993158876634021	0.999561423277056	TRUE	-0.0359556041586587	-0.0884267273115	0.0884267273115	0.766186855284465	0.998392646747167
14349	chr12	50175787	50284546	-	LIMA1	12	-26980402095.7913	-1.93517979137033	-1.13120079650539	3.69510940541825	107921608362.84	-0.0358021181876417	7.35165915841662e-05	-7.35165915841662e-05	0.993158876634021	0.999561423277056	TRUE	-0.0359556041586588	-0.0884267273115	0.0884267273115	0.766186855284465	0.998392646747167
12748	chr11	20386715	20509338	+	PRMT3	11	-26980402095.7906	-1.93517979137033	-1.13120079650539	3.69510940541825	107921608362.838	-0.0358021181876417	7.35165915841662e-05	-7.35165915841662e-05	0.993158876634021	0.999561423277056	TRUE	-0.0359556041586587	-0.0884267337437308	0.0884267337437308	0.766186847028302	0.998392646747167
19255	chr17	75626853	75668154	-	RECQL5	17	-26980402095.7914	-1.93517979137033	-1.13120079650539	3.69510940541825	107921608362.841	-0.035802118187642	7.35165915841662e-05	-7.35165915841662e-05	0.993158876634021	0.999561423277056	TRUE	-0.0359556064176243	-0.0884268820322234	0.0884268820322234	0.766186656691001	0.998392646747167
11305	chr9	130712015	130885683	+	ABL1	9	-26980402095.7906	-1.93517979137033	-1.13120079650539	3.69510940541825	107921608362.838	-0.0358021181876418	7.35165915841662e-05	-7.35165915841662e-05	0.993158876634021	0.999561423277056	TRUE	-0.0359556064176214	-0.0884268820326213	0.0884268820326213	0.766186656690491	0.998392646747167
20683	chr19	41548517	41586843	+	CEACAM21	19	-26980402095.7913	-1.93517979137033	-1.13120079650539	3.69510940541825	107921608362.84	-0.035802118187642	7.35165915841662e-05	-7.35165915841662e-05	0.993158876634021	0.999561423277056	TRUE	-0.0359556064176242	-0.088427517710258	0.088427517710258	0.766185840761545	0.998392646747167
20845	chr19	46859996	47005077	+	ARHGAP35	19	-26980402095.7913	-1.93517979137033	-1.13120079650539	3.69510940541825	107921608362.84	-0.035802118187642	7.35165915841662e-05	-7.35165915841662e-05	0.993158876634021	0.999561423277056	TRUE	-0.0359556064176242	-0.088427517710258	0.088427517710258	0.766185840761545	0.998392646747167
18177	chr17	2416048	2512888	-	METTL16	17	-26980402095.7908	-1.93517979137033	-1.13120079650539	3.69510940541825	107921608362.838	-0.0358021181876419	7.35165915841662e-05	-7.35165915841662e-05	0.993158876634021	0.999561423277056	TRUE	-0.035955606417621	-0.0884275177129155	0.0884275177129155	0.766185840758135	0.998392646747167
20934	chr19	49289637	49326191	-	SLC6A16	19	-26980402095.7912	-1.93517979137033	-1.13120079650539	3.69510940541825	107921608362.84	-0.035802118187642	7.04543761997911e-05	-7.04543761997911e-05	0.993302866613185	0.999561423277056	TRUE	-0.0359556064176207	-0.0884275177185998	0.0884275177185998	0.766185840750838	0.998392646747167
20960	chr19	49765967	49807112	+	AP2A1	19	-26980402095.7912	-1.93517979137033	-1.13120079650539	3.69510940541825	107921608362.84	-0.035802118187642	7.04543761997911e-05	-7.04543761997911e-05	0.993302866613185	0.999561423277056	TRUE	-0.0359556064176207	-0.0884275177185998	0.0884275177185998	0.766185840750838	0.998392646747167
18723	chr17	40625002	40649654	-	SMARCE1	17	-26980402095.7908	-1.93517979137033	-1.13120079650539	3.69510940541825	107921608362.838	-0.035802118187642	7.35165915841662e-05	-7.35165915841662e-05	0.993158876634021	0.999561423277056	TRUE	-0.0359556064176243	-0.0884275177205609	0.0884275177205609	0.766185840748321	0.998392646747167
16163	chr14	70906458	71115382	+	PCNX1	14	-16146606331.9214	-1.93530438850333	-1.13132170286462	3.69498445667019	64586425307.3601	-0.0357991627031749	0.000151203519322962	-0.000151203519322962	0.9901890724878	0.999561423277056	TRUE	-0.0359556041586583	-0.0884275345007524	0.0884275345007524	0.76618581921002	0.998392646747167
13223	chr11	65260961	65298685	+	POLA2	11	-26980402095.7913	-1.93517979137033	-1.13120079650539	3.69510940541825	107921608362.84	-0.0358021181876418	7.35165915841662e-05	-7.35165915841662e-05	0.993158876634021	0.999561423277056	TRUE	-0.0359556041586587	-0.0884279999359592	0.0884279999359592	0.766185221799148	0.998392646747167
13249	chr11	65832962	65853701	+	SNX32	11	-26980402095.7913	-1.93517979137033	-1.13120079650539	3.69510940541825	107921608362.84	-0.0358021181876418	7.35165915841662e-05	-7.35165915841662e-05	0.993158876634021	0.999561423277056	TRUE	-0.0359556041586587	-0.0884279999359592	0.0884279999359592	0.766185221799148	0.998392646747167
3802	chr2	218450250	218569351	-	USP37	2	-26980402095.7913	-1.93517979137033	-1.13120079650539	3.69510940541825	107921608362.841	-0.0358021181876414	7.04543761997911e-05	-7.04543761997911e-05	0.993302866613185	0.999561423277056	TRUE	-0.0359556041586584	-0.0884279999408335	0.0884279999408335	0.766185221792891	0.998392646747167
18178	chr17	2592653	2685615	+	PAFAH1B1	17	-16146606331.9214	-1.93530438850333	-1.13132170286462	3.69498445667019	64586425307.3601	-0.035799162703175	0.000151203519322962	-0.000151203519322962	0.9901890724878	0.999561423277056	TRUE	-0.0359556041586584	-0.0884286356208008	0.0884286356208008	0.766184405866568	0.998392646747167
19536	chr18	22932327	23026486	+	RBBP8	18	-16146606331.9214	-1.93530438850333	-1.13132170286462	3.69498445667019	64586425307.3601	-0.0357991627031751	0.000151203519322962	-0.000151203519322962	0.9901890724878	0.999561423277056	TRUE	-0.0359556041586585	-0.0884286356208008	0.0884286356208008	0.766184405866568	0.998392646747167
21013	chr19	51224079	51240016	+	CD33	19	-26980402095.7913	-1.93517979137033	-1.13120079650539	3.69510940541825	107921608362.841	-0.035802118187642	7.04543761997911e-05	-7.04543761997911e-05	0.993302866613185	0.999561423277056	TRUE	-0.0359556041586586	-0.0884286356208008	0.0884286356208008	0.766184405866568	0.998392646747167
22594	chr22	37847867	37889407	+	EIF3L	22	-16146606331.9214	-1.93530438850333	-1.13132170286462	3.69498445667019	64586425307.3601	-0.0357991627031749	0.000152004620460389	-0.000152004620460389	0.990163118180487	0.999561423277056	TRUE	-0.0359556041586587	-0.0884286356208008	0.0884286356208008	0.766184405866568	0.998392646747167
22642	chr22	40043816	40335807	+	TNRC6B	22	-26980402095.7911	-1.93517979137033	-1.13120079650539	3.69510940541825	107921608362.84	-0.035802118187642	7.35165915841662e-05	-7.35165915841662e-05	0.993158876634021	0.999561423277056	TRUE	-0.0359556041586587	-0.0884286356208008	0.0884286356208008	0.766184405866568	0.998392646747167
12078	chr10	96831297	96995959	+	LCOR	10	-26980402095.7906	-1.93517979137033	-1.13120079650539	3.69510940541825	107921608362.838	-0.0358021181876418	7.35165915841662e-05	-7.35165915841662e-05	0.993158876634021	0.999561423277056	TRUE	-0.0359556041586587	-0.0884286356219377	0.0884286356219377	0.766184405865109	0.998392646747167
20205	chr19	13961529	14007320	-	RFX1	19	-16146606331.9214	-1.93530438850333	-1.13132170286462	3.69498445667019	64586425307.3601	-0.035799162703175	0.00015120351929454	-0.00015120351929454	0.990189072488722	0.999561423277056	TRUE	-0.0359556041586586	-0.0884286356219377	0.0884286356219377	0.766184405865109	0.998392646747167
1566	chr1	155749661	155860400	-	GON4L	1	-26980402095.7912	-1.93517979137033	-1.13120079650539	3.69510940541825	107921608362.84	-0.0358021181876415	7.04543761997911e-05	-7.04543761997911e-05	0.993302866613185	0.999561423277056	TRUE	-0.0359556041586584	-0.0884286356258031	0.0884286356258031	0.766184405860148	0.998392646747167
12569	chr11	5663562	5873358	-	TRIM5	11	-26980402095.7913	-1.93517979137033	-1.13120079650539	3.69510940541825	107921608362.841	-0.0358021181876416	7.04543761997911e-05	-7.04543761997911e-05	0.993302866613185	0.999561423277056	TRUE	-0.0359556041586588	-0.0884298452528185	0.0884298452528185	0.766182853253539	0.998392646747167
17724	chr16	48243299	48357349	+	LONP2	16	-26980402095.7907	-1.93517979137033	-1.13120079650539	3.69510940541825	107921608362.838	-0.035802118187642	7.04543761713694e-05	-7.04543761713694e-05	0.993302866614536	0.999561423277056	TRUE	-0.035955606417621	-0.0884311760651855	0.0884311760651855	0.766181145113841	0.998392646747167
17767	chr16	55508071	55586666	+	LPCAT2	16	-26980402095.7907	-1.93517979137033	-1.13120079650539	3.69510940541825	107921608362.838	-0.035802118187642	7.04543761713694e-05	-7.04543761713694e-05	0.993302866614536	0.999561423277056	TRUE	-0.035955606417621	-0.0884311760651855	0.0884311760651855	0.766181145113841	0.998392646747167
9498	chr7	129610719	129757076	+	NRF1	7	-26980402095.7906	-1.93517979137033	-1.13120079650539	3.69510940541825	107921608362.838	-0.0358021181876417	7.35165915841662e-05	-7.35165915841662e-05	0.993158876634021	0.999561423277056	TRUE	-0.0359556064176214	-0.0884311760708698	0.0884311760708698	0.766181145106545	0.998392646747167
13334	chr11	68052858	68122388	-	CHKA	11	-26980402095.7913	-1.93517979137033	-1.13120079650539	3.69510940541825	107921608362.84	-0.0358021181876418	7.35165915841662e-05	-7.35165915841662e-05	0.993158876634021	0.999561423277056	TRUE	-0.0359556064176212	-0.0884311760708698	0.0884311760708698	0.766181145106545	0.998392646747167
13380	chr11	71928033	71997597	+	RNF121	11	-26980402095.7913	-1.93517979137033	-1.13120079650539	3.69510940541825	107921608362.841	-0.0358021181876417	7.04543761997911e-05	-7.04543761997911e-05	0.993302866613185	0.999561423277056	TRUE	-0.0359556064176212	-0.0884311760708698	0.0884311760708698	0.766181145106545	0.998392646747167
9539	chr7	135926759	135978359	-	MTPN	7	-26980402095.7906	-1.93517979137033	-1.13120079650539	3.69510940541825	107921608362.838	-0.0358021181876417	7.35165915841662e-05	-7.35165915841662e-05	0.993158876634021	0.999561423277056	TRUE	-0.0359556064176243	-0.0884311760728593	0.0884311760728593	0.766181145103991	0.998392646747167
11320	chr9	132261355	132355986	-	SETX	9	-26980402095.7906	-1.93517979137033	-1.13120079650539	3.69510940541825	107921608362.838	-0.0358021181876418	7.35165915841662e-05	-7.35165915841662e-05	0.993158876634021	0.999561423277056	TRUE	-0.0359556041586587	-0.0884322939730708	0.0884322939730708	0.76617971025458	0.998392646747167
11377	chr9	135808486	135908546	-	CAMSAP1	9	-26980402095.7913	-1.93517979137033	-1.13120079650539	3.69510940541825	107921608362.841	-0.0358021181876416	7.04543761997911e-05	-7.04543761997911e-05	0.993302866613185	0.999561423277056	TRUE	-0.0359556041586587	-0.0884322939742077	0.0884322939742077	0.766179710253121	0.998392646747167
5913	chr4	84669609	84967391	-	WDFY3	4	-26980402095.7913	-1.93517979137033	-1.13120079650539	3.69510940541825	107921608362.841	-0.0358021181876414	7.04543761997911e-05	-7.04543761997911e-05	0.993302866613185	0.999561423277056	TRUE	-0.0359556041586586	-0.088432293979082	0.088432293979082	0.766179710246864	0.998392646747167
16423	chr14	103384414	103503831	+	MARK3	14	-16146606331.9214	-1.93530438850333	-1.13132170286462	3.69498445667019	64586425307.3601	-0.0357991627031749	0.000151203519322962	-0.000151203519322962	0.9901890724878	0.999561423277056	TRUE	-0.035955606417621	-0.0884327171252437	0.0884327171252437	0.766179167132071	0.998392646747167
19125	chr17	63745254	63774597	-	CCDC47	17	-16146606331.9214	-1.93530438850333	-1.13132170286462	3.69498445667019	64586425307.3601	-0.035799162703175	0.000151203519322962	-0.000151203519322962	0.9901890724878	0.999561423277056	TRUE	-0.0359556064176208	-0.0884333295584696	0.0884333295584696	0.766178381066841	0.998392646747167
16750	chr15	49858237	50120233	-	ATP8B4	15	-26980402095.7912	-1.93517979137033	-1.13120079650539	3.69510940541825	107921608362.84	-0.0358021181876419	7.04543761713694e-05	-7.04543761713694e-05	0.993302866614536	0.999561423277056	TRUE	-0.0359556041586584	-0.0884338350274447	0.0884338350274447	0.766177732293714	0.998392646747167
1761	chr1	167219885	167427340	+	POU2F1	1	-26980402095.7912	-1.93517979137033	-1.13120079650539	3.69510940541825	107921608362.84	-0.0358021181876415	7.04543761997911e-05	-7.04543761997911e-05	0.993302866613185	0.999561423277056	TRUE	-0.0359556041586584	-0.0884344474606706	0.0884344474606706	0.766176946233892	0.998392646747167
14530	chr12	56520819	56596193	+	RBMS2	12	-13917194241.8841	-1.93541810394138	-1.13159287697506	3.69472110156525	55668776947.2134	-0.260608451896228	0.0171610577891386	-0.0171610577891386	0.895775132919905	0.999561423277056	TRUE	-0.405276045746367	-1.04253699888623	1.04253699888623	0.307232166318307	0.998392646747167
11885	chr10	72691130	72887694	+	MCU	10	26865071686.9444	-1.94823515029976	-1.14439682433856	3.67969394720247	-107460286768.071	-0.493836836115947	-0.0251553454601208	0.0251553454601208	0.873980587415244	0.999561423277056	TRUE	-1.2297664396874	-1.98645695049238	1.98645695049238	0.158711829862517	0.998392646747167
10585	chr9	213864	465259	+	DOCK8	9	26865071686.9448	-1.94823515029976	-1.14439682433856	3.67969394720247	-107460286768.073	-0.493836836115946	-0.0251553454601208	0.0251553454601208	0.873980587415244	0.999561423277056	TRUE	-1.22976670232797	-1.98645741976048	1.98645741976048	0.158711780665611	0.998392646747167
18122	chr16	89737548	89817647	-	FANCA	16	-20266052866.4342	-1.9357876336132	-1.13189289386426	3.69442131910972	81064211445.4149	-0.474009707812786	0.0289301566053268	-0.0289301566053268	0.864940401535593	0.999561423277056	TRUE	-1.22976670232797	-1.98646171379873	1.98646171379873	0.158711330490069	0.998392646747167
