chr	start	end	strand	geneName	chrInt	testIndex	V1	V2	V3	V4	V5	V6	V7	V8	V9	V10	V11	V12	V13	V14	V15	V16	Zscore	testStat	signedTestStat	pvalue	adjpvalue
chr15	54899000	54980000	+	SIMULA80K+	15	31787	5	80995	395	56699589	3	80997	397	56699587	7	80993	393	56699591	7	80993	393	56699591	2.27826995062501	60.5052637405388	60.5052637405388	7.32747196252603e-15	1.36290978502984e-12
chr15	96999000	97040000	+	SIMULA40K+	15	32632	1	40999	399	56739585	3	40997	397	56739587	2	40998	398	56739586	1	40999	399	56739585	1.80523386374504	13.5537359795271	13.5537359795271	0.000231829506072256	0.0185520090967053
chr15	101960458	101961596	-	MIR1302-10	15	32730	0	1138	400	56779446	0	1138	400	56779446	1	1137	399	56779447	1	1137	399	56779447	4.13473586419596	12.5996973348956	12.5996973348956	0.000385809225088463	0.0185520090967053
chr15	22300000	22321000	-	SIMULA20K-	15	31105	1	20999	399	56759585	0	21000	400	56759584	1	20999	399	56759585	3	20997	397	56759587	2.13692580921395	12.5370206295411	12.5370206295411	0.000398967937563555	0.0185520090967053
chr15	101959538	101962029	-	AC140725.1	15	32729	0	2491	400	56778093	0	2491	400	56778093	1	2490	399	56778094	1	2490	399	56778094	3.35106141317858	9.54173061106121	9.54173061106121	0.00200852272213137	0.0466981532895543
chr15	37500000	37511000	-	SIMULA10K-	15	31407	2	10998	398	56769586	1	10999	399	56769585	0	11000	400	56769584	0	11000	400	56769584	2.2716590333091	8.24410561314289	8.24410561314289	0.00408845493956367	0.0633710515632369
chr15	38068811	38073990	-	LINC01852	15	31410	1	5178	399	56775406	0	5179	400	56775405	0	5179	400	56775405	1	5178	399	56775406	2.61898212433984	6.76512004659162	6.76512004659162	0.00929566706619966	0.123499576736653
chr15	74298502	74304527	+	AC023300.3	15	32152	0	6025	400	56774559	1	6024	399	56774560	1	6024	399	56774560	0	6025	400	56774559	2.46764817407612	6.20749406809046	6.20749406809046	0.0127210585433524	0.157741125937569
chr15	57318137	57325038	+	LINC01413	15	31828	1	6900	399	56773684	1	6900	399	56773684	0	6901	400	56773683	0	6901	400	56773683	2.33187336014636	5.71379034673737	5.71379034673737	0.0168321582235391	0.191531224996389
chr15	64364303	64382441	-	PCLAF	15	31947	0	18138	400	56762446	0	18138	400	56762446	0	18138	400	56762446	3	18135	397	56762449	1.77139254319821	5.64496735784633	5.64496735784633	0.0175055420695625	0.191531224996389
chr15	30624965	30649529	+	ARHGAP11B	15	31308	0	24564	400	56756020	1	24563	399	56756021	1	24563	399	56756021	1	24563	399	56756021	1.46799573914243	4.1869059524397	4.1869059524397	0.0407373819586662	0.317080470667132
chr15	69277674	69288574	+	AC026992.1	15	32059	0	10900	400	56769684	0	10900	400	56769684	0	10900	400	56769684	2	10898	398	56769686	1.87467987622351	4.11047691495332	4.11047691495332	0.0426183428316037	0.317080470667132
chr15	55538889	55589947	-	PYGO1	15	31802	3	51055	397	56729529	0	51058	400	56729526	0	51058	400	56729526	1	51057	399	56729527	1.02414603995167	3.06184817574831	3.06184817574831	0.0801504564747342	0.409360083051469
chr15	85759325	85795925	-	KLHL25	15	32437	2	36598	398	56743986	0	36600	400	56743984	0	36600	400	56743984	1	36599	399	56743985	1.06900732616658	2.47168513044016	2.47168513044016	0.115913592141154	0.501393677633829
chr15	60641053	60659791	+	AC009560.4	15	31887	0	18738	400	56761846	0	18738	400	56761846	2	18736	398	56761848	0	18738	400	56761846	1.33273185323893	2.38456547215901	2.38456547215901	0.12253896102535	0.50845152948495
chr15	51680491	51720071	+	SCG3	15	31743	1	39579	399	56741005	0	39580	400	56741004	2	39578	398	56741006	0	39580	400	56741004	0.99067756557113	2.1697680343641	2.1697680343641	0.140747463070501	0.545396419398192
chr15	51413096	51498833	+	AC066613.2	15	31740	0	85737	400	56694847	2	85735	398	56694849	1	85736	399	56694848	2	85735	398	56694849	0.728977631512621	2.10958550572104	2.10958550572104	0.146378961186312	0.555642587360286
chr15	65381483	65423947	-	IGDCC4	15	31985	1	42463	399	56738121	1	42463	399	56738121	1	42463	399	56738121	0	42464	400	56738120	0.920292731896167	1.91011430529761	1.91011430529761	0.166950561996148	0.587430088984271
chr15	80947328	80990828	-	MESD	15	32331	3	43497	397	56737087	0	43500	400	56737084	0	43500	400	56737084	0	43500	400	56737084	0.896169771808198	1.82380796596408	1.82380796596408	0.176860671952254	0.587430088984271
chr15	82988962	83012607	-	C15orf40	15	32377	0	23645	400	56756939	2	23643	398	56756941	0	23645	400	56756939	0	23645	400	56756939	1.10004173426394	1.73046358630381	1.73046358630381	0.188351704130038	0.604024430485984
chr15	73319858	73369958	-	HCN4	15	32127	1	50099	399	56730485	1	50099	399	56730485	0	50100	400	56730484	1	50099	399	56730485	0.754791097656529	1.34780637404765	1.34780637404765	0.2456619758138	0.725287738116932
chr15	66581189	66685794	+	LINC01169	15	32019	1	104604	399	56675980	2	104603	398	56675981	2	104603	398	56675981	0	104605	400	56675979	0.529735266555153	1.18230595220666	1.18230595220666	0.276887049053957	0.804702986313063
chr15	22837644	22869362	+	NIPA2	15	31111	0	31718	400	56748866	1	31717	399	56748867	1	31717	399	56748867	0	31718	400	56748866	0.806161436753647	1.01014584975928	1.01014584975928	0.314867900462423	0.829960578094163
chr15	20835371	20867314	-	POTEB2	15	31065	1	31942	399	56748642	1	31942	399	56748642	0	31943	400	56748641	0	31943	400	56748641	0.799088639458187	0.994542370310228	0.994542370310228	0.318634707974529	0.829960578094163
chr15	98038570	98294199	-	AC022523.1	15	32648	1	255628	399	56524956	1	255628	399	56524956	4	255625	396	56524959	4	255625	396	56524959	0.329815948271911	0.972493672052224	0.972493672052224	0.324059050765844	0.829960578094163
chr15	21846328	21878735	-	POTEB	15	31094	0	32407	400	56748177	0	32407	400	56748177	1	32406	399	56748178	1	32406	399	56748178	0.784658854539635	0.962988161867543	0.962988161867543	0.326435159103707	0.829960578094163
chr15	75842306	75901044	+	UBE2Q2	15	32223	1	58737	399	56721847	0	58738	400	56721846	1	58737	399	56721847	1	58737	399	56721847	0.595570751972654	0.87977051580674	0.87977051580674	0.348264540975042	0.829960578094163
chr15	55055722	55092177	+	AC025272.1	15	31788	0	36455	400	56744129	0	36455	400	56744129	1	36454	399	56744130	1	36454	399	56744130	0.666881631644729	0.720154613496561	0.720154613496561	0.396093197809796	0.849555097337899
chr15	64840947	64930920	+	AC069368.1	15	31962	1	89972	399	56690612	1	89972	399	56690612	1	89972	399	56690612	1	89972	399	56690612	0.456903975087558	0.719808994195773	0.719808994195773	0.396206569660368	0.849555097337899
chr15	74630557	74697024	-	EDC3	15	32170	1	66466	399	56714118	2	66465	398	56714119	0	66467	400	56714117	0	66467	400	56714117	0.471814289418938	0.573300959767948	0.573300959767948	0.448950176429219	0.904335381869119
chr15	90620006	90718141	-	CRTC3-AS1	15	32531	1	98134	399	56682450	1	98134	399	56682450	1	98134	399	56682450	1	98134	399	56682450	0.369924609438874	0.484727658731572	0.484727658731572	0.48628864949	0.90963625898921
chr15	37364019	37491853	-	AC068875.1	15	31406	1	127833	399	56652751	1	127833	399	56652751	2	127832	398	56652752	1	127833	399	56652751	0.328781959327881	0.484587733779335	0.484587733779335	0.486351577731589	0.90963625898921
chr15	66292216	66333898	+	DIS3L	15	32002	0	41682	400	56738902	0	41682	400	56738902	1	41681	399	56738903	1	41681	399	56738903	0.532797034489509	0.478601123664703	0.478601123664703	0.489056634259469	0.90963625898921
chr15	67064601	67195169	+	SMAD3	15	32026	1	130567	399	56650017	3	130565	397	56650019	0	130568	400	56650016	1	130567	399	56650017	0.307571877902243	0.426919595556683	0.426919595556683	0.513504339751973	0.90963625898921
chr15	58588808	58750707	-	ADAM10	15	31848	0	161899	400	56618685	2	161897	398	56618687	3	161896	397	56618688	1	161898	399	56618686	0.274888550801164	0.413240288064117	0.413240288064117	0.520329428056328	0.913030883193179
chr15	52056674	52101523	-	AC023906.5	15	31761	0	44849	400	56735735	0	44849	400	56735735	0	44849	400	56735735	2	44847	398	56735737	0.459508458001022	0.364067518385127	0.364067518385127	0.546255872259494	0.92671793323214
chr15	93898229	93973719	+	LINC01580	15	32592	0	75490	400	56705094	0	75490	400	56705094	1	75489	399	56705095	2	75488	398	56705096	0.344359218594887	0.317721139712376	0.317721139712376	0.572980385710427	0.92671793323214
chr15	64214098	64382420	-	AC087632.2	15	31945	0	168322	400	56612262	1	168321	399	56612263	1	168321	399	56612263	4	168318	396	56612266	0.235868620110471	0.308040553965839	0.308040553965839	0.578885076059289	0.92671793323214
chr15	50500561	50547666	-	USP50	15	31720	1	47104	399	56733480	1	47104	399	56733480	0	47105	400	56733479	0	47105	400	56733479	0.410390299181262	0.2948406494761	0.2948406494761	0.587135096657042	0.92671793323214
chr15	52018218	52067375	+	MAPK6	15	31759	1	49156	399	56731428	1	49156	399	56731428	0	49157	400	56731427	0	49157	400	56731427	0.36771358119866	0.239877367646841	0.239877367646841	0.624294700334089	0.93893204949071
chr15	80263067	80342768	-	LINC00927	15	32315	2	79699	398	56700885	0	79701	400	56700883	0	79701	400	56700883	1	79700	399	56700884	0.290002493889833	0.229226798001037	0.229226798001037	0.632097739669596	0.940561436628359
chr15	65610404	65660995	+	SLC24A1	15	31991	1	50590	399	56729994	0	50591	400	56729993	1	50590	399	56729994	0	50591	400	56729993	0.338933578322055	0.205645159236155	0.205645159236155	0.65020230916963	0.946617805480667
chr15	66701235	66782849	+	SMAD6	15	32020	1	81613	399	56698971	0	81614	400	56698970	1	81613	399	56698971	1	81613	399	56698971	0.266249851184293	0.194676148799772	0.194676148799772	0.659052865682906	0.950262271449771
chr15	82755361	82807069	-	FSD2	15	32371	0	51708	400	56728876	1	51707	399	56728877	0	51708	400	56728876	1	51707	399	56728877	0.317074861307266	0.181218376739707	0.181218376739707	0.670328270940773	0.95271602209955
chr15	28111039	28323179	-	HERC2	15	31260	2	212138	398	56568446	2	212138	398	56568446	2	212138	398	56568446	1	212139	399	56568445	0.158504267497817	0.166270803405496	0.166270803405496	0.683447554734877	0.955798835945016
chr15	68577992	68727806	+	CORO2B	15	32046	1	149813	399	56630771	0	149814	400	56630770	2	149812	398	56630772	2	149812	398	56630772	0.169730494367609	0.135845164280909	0.135845164280909	0.712446925830605	0.956174492867191
chr15	51828652	51915725	+	TMOD3	15	31749	1	87072	399	56693512	0	87073	400	56693511	1	87072	399	56693512	1	87072	399	56693512	0.201406958597166	0.113731580444437	0.113731580444437	0.735935133420608	0.977742391544522
chr15	32640675	32697098	+	SCG5	15	31342	1	56422	399	56724162	1	56422	399	56724162	0	56423	400	56724161	0	56423	400	56724161	0.229726566786628	0.0978037258246331	0.0978037258246331	0.754481339453184	0.988264289706284
chr15	84815679	84873482	+	ALPK3	15	32417	0	57803	400	56722781	1	57802	399	56722782	0	57803	400	56722781	1	57802	399	56722782	0.205538226015639	0.0789019034200464	0.0789019034200464	0.778791069009326	0.996883006834567
chr15	60419608	60480142	-	ICE2	15	31881	1	60533	399	56720051	0	60534	400	56720050	0	60534	400	56720050	1	60533	399	56720051	0.15932517495533	0.0481222623566282	0.0481222623566282	0.826363496557069	0.996883006834567
chr15	68929524	69056733	+	NOX5	15	32052	1	127208	399	56653376	1	127208	399	56653376	2	127207	398	56653377	0	127209	400	56653375	0.109921899755536	0.0464993482091813	0.0464993482091813	0.829270653771787	0.996883006834567
chr15	95637315	95764959	+	AC015574.1	15	32608	1	127643	399	56652941	1	127643	399	56652941	2	127642	398	56652942	0	127644	400	56652940	0.106500458726967	0.0436984019543161	0.0436984019543161	0.834415742500557	0.996883006834567
chr15	26394036	26455217	+	LINC02248	15	31243	1	61180	399	56719404	1	61180	399	56719404	0	61181	400	56719403	0	61181	400	56719403	0.148682187493807	0.0420526048837928	0.0420526048837928	0.837519530296646	0.996883006834567
chr15	35918891	36049537	+	LINC02853	15	31391	0	130646	400	56649938	2	130644	398	56649940	2	130644	398	56649940	0	130646	400	56649938	0.0832010517084006	0.0268734552664682	0.0268734552664682	0.869785264637102	0.996883006834567
chr15	81323337	81420284	+	TMC3-AS1	15	32342	0	96947	400	56683637	0	96947	400	56683637	2	96945	398	56683639	1	96946	399	56683638	0.0938143114531699	0.0255514225791558	0.0255514225791558	0.873000714384768	0.996883006834567
chr15	20939404	21003514	+	LINC01193	15	31068	0	64110	400	56716474	0	64110	400	56716474	1	64109	399	56716475	1	64109	399	56716475	0.101866498405392	0.0200428397583892	0.0200428397583892	0.887417503001584	0.996883006834567
chr15	78437215	78501453	+	IREB2	15	32274	2	64236	398	56716348	0	64238	400	56716346	0	64238	400	56716346	0	64238	400	56716346	0.0998696481180285	0.0192773042363115	0.0192773042363115	0.889574425715211	0.996883006834567
chr15	70852238	71053657	+	LRRC49	15	32087	1	201418	399	56579166	1	201418	399	56579166	2	201417	398	56579167	2	201417	398	56579167	0.0557738549805783	0.018255770613905	0.018255770613905	0.892521806768133	0.996883006834567
chr15	97572184	97705022	-	LINC00923	15	32641	2	132836	398	56647748	1	132837	399	56647747	0	132838	400	56647746	1	132837	399	56647747	0.0665232655370798	0.0172737573084305	0.0172737573084305	0.895435421516651	0.996883006834567
chr15	42347102	42412317	+	AC012651.1	15	31538	1	65214	399	56715370	1	65214	399	56715370	0	65215	400	56715369	0	65215	400	56715369	0.0847577373687212	0.0139537349241436	0.0139537349241436	0.905967879507062	0.996883006834567
chr15	60478151	60544452	+	RORA-AS1	15	31882	0	66301	400	56714283	0	66301	400	56714283	0	66301	400	56714283	2	66299	398	56714285	0.0682229871402044	0.00908969777083257	0.00908969777083257	0.924044846200551	0.996883006834567
chr15	74235325	74336141	+	CCDC33	15	32151	0	100816	400	56679768	1	100815	399	56679769	2	100814	398	56679770	0	100816	400	56679768	0.0546131204271241	0.00877120498626027	0.00877120498626027	0.925383447070101	0.996883006834567
chr15	59132433	59373871	-	MYO1E	15	31862	4	241434	396	56539150	3	241435	397	56539149	0	241438	400	56539146	0	241438	400	56539146	0.0286189337669626	0.00565456199547043	0.00565456199547043	0.940058113103728	0.996883006834567
chr15	61833681	61935738	+	AC009554.1	15	31899	1	102056	399	56678528	0	102057	400	56678527	2	102055	398	56678529	0	102057	400	56678527	0.0423567272580335	0.00529744241794106	0.00529744241794106	0.941978376371233	0.996883006834567
chr15	72407777	72475209	-	TMEM202-AS1	15	32111	1	67431	399	56713153	0	67432	400	56713152	1	67431	399	56713153	0	67432	400	56713152	0.0512882157261365	0.00516591389896348	0.00516591389896348	0.942701948867097	0.996883006834567
chr15	39933114	40035591	+	EIF2AK4	15	31438	0	102477	400	56678107	1	102476	399	56678108	1	102476	399	56678108	1	102476	399	56678108	0.0382423844722642	0.00432408018968999	0.00432408018968999	0.947570703061427	0.996883006834567
chr15	83446340	83618743	+	SH3GL3	15	32390	1	172402	399	56608182	1	172402	399	56608182	2	172401	398	56608183	1	172402	399	56608182	0.0288902046657494	0.00412061226234073	0.00412061226234073	0.948817351065386	0.996883006834567
chr15	64386835	64455303	+	TRIP4	15	31948	1	68467	399	56712117	0	68468	400	56712116	0	68468	400	56712116	1	68467	399	56712117	0.0360230358569704	0.00256132466893178	0.00256132466893178	0.959636667598179	0.996883006834567
chr15	53513740	53760663	-	WDR72	15	31781	2	246921	398	56533663	0	246923	400	56533661	1	246922	399	56533662	4	246919	396	56533665	0.00605791984141273	0.000255229453614447	0.000255229453614447	0.987253616438091	0.996883006834567
chr15	48823740	48964919	-	SHC4	15	31690	1	141178	399	56639406	0	141179	400	56639405	0	141179	400	56639405	3	141176	397	56639408	0.00547731855695192	0.00011947922030231	0.00011947922030231	0.991278772746534	0.996883006834567
chr15	25473582	25579806	-	LINC02250	15	31234	2	106222	398	56674362	1	106223	399	56674361	0	106224	400	56674360	0	106224	400	56674360	0.00226432511776332	1.52613793034107e-05	1.52613793034107e-05	0.996883006834567	0.996883006834567
chr15	40593019	40664342	+	KNL1	15	31474	0	71323	400	56709261	1	71322	399	56709262	1	71322	399	56709262	0	71323	400	56709261	-0.00487997292240197	4.76543937111273e-05	-4.76543937111273e-05	0.994492074131458	0.996883006834567
chr15	101653595	101725473	-	TARS3	15	32723	0	71878	400	56708706	1	71877	399	56708707	0	71878	400	56708706	1	71877	399	56708707	-0.0126411951912497	0.000320622006256599	-0.000320622006256599	0.985713905510674	0.996883006834567
chr15	75940935	76013424	-	NRG4	15	32226	0	72489	400	56708095	1	72488	399	56708096	1	72488	399	56708096	0	72489	400	56708095	-0.0211166170769852	0.000896961508260574	-0.000896961508260574	0.976107475264049	0.996883006834567
chr15	88802435	88875353	+	ACAN	15	32467	0	72918	400	56707666	2	72916	398	56707668	0	72918	400	56707666	0	72918	400	56707666	-0.0270249186494033	0.00147212582669454	-0.00147212582669454	0.969394041721341	0.996883006834567
chr15	76058984	76204963	+	TMEM266	15	32227	0	145979	400	56634605	2	145977	398	56634607	1	145978	399	56634606	1	145978	399	56634606	-0.0280418515539637	0.00316689795727143	-0.00316689795727143	0.955122576310237	0.996883006834567
chr15	70654553	70764558	-	UACA	15	32081	0	110005	400	56670579	2	110003	398	56670581	0	110005	400	56670579	1	110004	399	56670580	-0.0327783815878653	0.00325243888073601	-0.00325243888073601	0.954521171903528	0.996883006834567
chr15	93718541	93901599	-	LINC01579	15	32588	1	183057	399	56597527	1	183057	399	56597527	1	183057	399	56597527	2	183056	398	56597528	-0.0312667417907115	0.00492359792406205	-0.00492359792406205	0.944059661951219	0.996883006834567
chr15	46692287	46804844	+	AC073941.1	15	31658	0	112557	400	56668027	1	112556	399	56668028	1	112556	399	56668028	1	112556	399	56668028	-0.0557575100627171	0.00948397428874159	-0.00948397428874159	0.922420101618709	0.996883006834567
chr15	101303932	101490707	-	PCSK6	15	32715	1	186774	399	56593810	2	186773	398	56593811	1	186774	399	56593810	1	186774	399	56593810	-0.0514341954325419	0.0134134811887634	-0.0134134811887634	0.90779790663035	0.996883006834567
chr15	52115104	52192369	-	GNB5	15	31764	1	77264	399	56703320	0	77265	400	56703319	0	77265	400	56703319	1	77264	399	56703320	-0.0850075132430936	0.0148512516534538	-0.0148512516534538	0.903005371390865	0.996883006834567
chr15	22867051	22981368	-	CYFIP1	15	31112	0	114317	400	56666267	1	114316	399	56666268	2	114315	398	56666269	0	114317	400	56666267	-0.0713042023608202	0.0155910789471818	-0.0155910789471818	0.900631027463054	0.996883006834567
chr15	63608617	63834948	-	HERC1	15	31934	0	226331	400	56554253	2	226329	398	56554255	1	226330	399	56554254	3	226328	397	56554256	-0.0612785792006241	0.0229077451513149	-0.0229077451513149	0.879697224934325	0.996883006834567
chr15	79845149	79924106	-	ST20-MTHFS	15	32302	2	78955	398	56701629	0	78957	400	56701627	0	78957	400	56701627	0	78957	400	56701627	-0.106699820683474	0.0235696644595009	-0.0235696644595009	0.877984947554413	0.996883006834567
chr15	80058567	80138392	+	ZFAND6	15	32311	0	79825	400	56700759	0	79825	400	56700759	2	79823	398	56700761	0	79825	400	56700759	-0.117648535980981	0.028761534129444	-0.028761534129444	0.865330811208301	0.996883006834567
chr15	95209092	95328018	-	LINC01197	15	32602	0	118926	400	56661658	0	118926	400	56661658	3	118923	397	56661661	0	118926	400	56661658	-0.110911955592464	0.0382297269825358	-0.0382297269825358	0.844982565990023	0.996883006834567
chr15	91098949	91292636	+	SV2B	15	32556	2	193685	398	56586899	0	193687	400	56586897	2	193685	398	56586899	1	193686	399	56586898	-0.087895345428728	0.0396528447090532	-0.0396528447090532	0.842160882057562	0.996883006834567
chr15	56364426	56445874	+	TEX9	15	31811	0	81448	400	56699136	0	81448	400	56699136	0	81448	400	56699136	2	81446	398	56699138	-0.13780532636635	0.0397322365897708	-0.0397322365897708	0.842005029965314	0.996883006834567
chr15	90000323	90082191	+	ZNF710	15	32506	2	81866	398	56698718	0	81868	400	56698716	0	81868	400	56698716	0	81868	400	56698716	-0.142956179720226	0.04283293519984	-0.04283293519984	0.836040166197508	0.996883006834567
chr15	36578625	36810244	+	C15orf41	15	31396	1	231618	399	56548966	2	231617	398	56548967	1	231618	399	56548966	2	231617	398	56548967	-0.0844674887868578	0.0438647257469711	-0.0438647257469711	0.834105492374807	0.996883006834567
chr15	77994984	78078652	-	TBC1D2B	15	32259	0	83668	400	56696916	1	83667	399	56696917	1	83667	399	56696917	0	83668	400	56696916	-0.164736450841891	0.0573029909501202	-0.0573029909501202	0.810810602431954	0.996883006834567
chr15	56795459	56919385	-	AC090517.5	15	31822	2	123924	398	56656660	1	123925	399	56656659	0	123926	400	56656658	0	123926	400	56656658	-0.152183619351098	0.0729900162987178	-0.0729900162987178	0.787032051945465	0.996883006834567
chr15	93905404	94108938	-	LINC01581	15	32593	1	203533	399	56577051	0	203534	400	56577050	1	203533	399	56577051	3	203531	397	56577053	-0.137659301377869	0.0989112341485452	-0.0989112341485452	0.753140128313201	0.988264289706284
chr15	62560364	62844631	+	TLN2	15	31913	2	284265	398	56496319	2	284265	398	56496319	1	284266	399	56496318	2	284265	398	56496319	-0.135441181880709	0.133764362784859	-0.133764362784859	0.714560508110428	0.956174492867191
chr15	50557157	50687797	-	TRPM7	15	31721	1	130639	399	56649945	2	130638	398	56649946	0	130640	400	56649944	0	130640	400	56649944	-0.205063276079388	0.13494454195461	-0.13494454195461	0.713359465465548	0.956174492867191
chr15	63503510	63594640	+	USP3	15	31931	1	91129	399	56689455	1	91129	399	56689455	0	91130	400	56689454	0	91130	400	56689454	-0.250299032851273	0.136238514816796	-0.136238514816796	0.712049448304207	0.956174492867191
chr15	55826921	55918131	-	NEDD4	15	31806	0	91210	400	56689374	2	91208	398	56689376	0	91210	400	56689374	0	91210	400	56689374	-0.251177930545882	0.137238852053997	-0.137238852053997	0.711041544292951	0.956174492867191
chr15	78959946	79091764	-	RASGRF1	15	32290	1	131817	399	56648767	1	131817	399	56648767	1	131817	399	56648767	0	131818	400	56648766	-0.214060856614685	0.147501656050736	-0.147501656050736	0.700934390089674	0.956174492867191
chr15	65659122	65793124	-	DENND4A	15	31993	0	134002	400	56646582	0	134002	400	56646582	2	134000	398	56646584	1	134001	399	56646583	-0.230532045352472	0.172047518972249	-0.172047518972249	0.678298486957566	0.955784231622024
chr15	57590903	57685364	+	MYZAP	15	31834	0	94461	400	56686123	1	94460	399	56686124	0	94461	400	56686123	1	94460	399	56686124	-0.286257979175627	0.180435880807636	-0.180435880807636	0.670998918790543	0.95271602209955
chr15	94455468	94551572	-	AC009432.2	15	32595	0	96104	400	56684480	1	96103	399	56684481	0	96104	400	56684480	1	96103	399	56684481	-0.303530941770161	0.204094596381765	-0.204094596381765	0.651435909147986	0.946617805480667
chr15	76215352	76312469	-	ETFA	15	32229	0	97117	400	56683467	1	97116	399	56683468	1	97116	399	56683468	0	97117	400	56683467	-0.314034365844626	0.219268096494488	-0.219268096494488	0.639598158828227	0.944168710651192
chr15	52581320	52679623	-	FAM214A	15	31774	0	98303	400	56682281	0	98303	400	56682281	2	98301	398	56682283	0	98303	400	56682281	-0.326193459680987	0.237586544106307	-0.237586544106307	0.625954699660474	0.93893204949071
chr15	68929503	69028889	+	AC027088.1	15	32050	1	99385	399	56681199	1	99385	399	56681199	0	99386	400	56681198	0	99386	400	56681198	-0.337169334953741	0.254824310679396	-0.254824310679396	0.613698431739369	0.935638592651824
chr15	68053178	68193846	+	PIAS1	15	32038	1	140667	399	56639917	1	140667	399	56639917	0	140668	400	56639916	1	140667	399	56639917	-0.279197773291517	0.25664121198497	-0.25664121198497	0.612437134712465	0.935638592651824
chr15	23756114	23856375	+	AC087490.1	15	31126	1	100260	399	56680324	1	100260	399	56680324	0	100261	400	56680323	0	100261	400	56680323	-0.345950343377123	0.26909970556153	-0.26909970556153	0.60393633765113	0.935638592651824
chr15	92148751	92332037	-	AC116903.2	15	32562	1	183285	399	56597299	2	183284	398	56597300	1	183285	399	56597299	0	183286	400	56597298	-0.256287193144986	0.28583781963971	-0.28583781963971	0.59290018308938	0.92671793323214
chr15	31001060	31102707	-	TRPM1	15	31316	1	101646	399	56678938	1	101646	399	56678938	0	101647	400	56678937	0	101647	400	56678937	-0.359704105357175	0.292334865160228	-0.292334865160228	0.588728164315022	0.92671793323214
chr15	44562695	44664662	-	SPG11	15	31603	1	101966	399	56678618	0	101967	400	56678617	0	101967	400	56678617	1	101966	399	56678618	-0.362852971568277	0.297806089663936	-0.297806089663936	0.585261085603027	0.92671793323214
chr15	81553002	81696780	+	AC023034.1	15	32347	0	143778	400	56636806	0	143778	400	56636806	0	143778	400	56636806	3	143775	397	56636809	-0.301120737722686	0.30081441236689	-0.30081441236689	0.583372307314926	0.92671793323214
chr15	45704077	45848885	+	AC068722.1	15	31652	0	144808	400	56635776	1	144807	399	56635777	1	144807	399	56635777	1	144807	399	56635777	-0.308277244770934	0.316071234599804	-0.316071234599804	0.573978310594851	0.92671793323214
chr15	100400394	100545720	-	CERS3	15	32687	1	145325	399	56635259	1	145325	399	56635259	1	145325	399	56635259	0	145326	400	56635258	-0.311857177084024	0.323859402524249	-0.323859402524249	0.569297464477007	0.92671793323214
chr15	52192321	52296804	-	MYO5C	15	31769	0	104483	400	56676101	1	104482	399	56676102	0	104483	400	56676101	1	104482	399	56676102	-0.387272628491702	0.342180414932955	-0.342180414932955	0.558573340909705	0.92671793323214
chr15	81633425	81864728	-	AC104041.1	15	32348	0	231303	400	56549281	1	231302	399	56549282	0	231303	400	56549281	4	231299	396	56549285	-0.266046448792254	0.386039059812902	-0.386039059812902	0.534388823142325	0.920336306522893
chr15	64165524	64357173	-	CSNK1G1	15	31944	0	191649	400	56588935	1	191648	399	56588936	2	191647	398	56588937	1	191648	399	56588936	-0.301053004943586	0.400587835880287	-0.400587835880287	0.526785830035572	0.915721162491741
chr15	35545153	35860199	+	DPH6-DT	15	31390	0	315046	400	56465538	4	315042	396	56465542	2	315044	398	56465540	1	315045	399	56465539	-0.238791450896948	0.430682727084786	-0.430682727084786	0.511654134512995	0.90963625898921
chr15	69461946	69571436	+	DRAIC	15	32068	0	109490	400	56671094	1	109489	399	56671095	0	109490	400	56671094	1	109489	399	56671095	-0.434170037490169	0.437303837112268	-0.437303837112268	0.508426657226082	0.90963625898921
chr15	80403381	80597933	+	ARNT2	15	32317	2	194550	398	56586034	0	194552	400	56586032	2	194550	398	56586034	0	194552	400	56586032	-0.316138289442088	0.444068860146217	-0.444068860146217	0.505165099518092	0.90963625898921
chr15	69297911	69407780	+	PAQR5	15	32060	2	109867	398	56670717	0	109869	400	56670715	0	109869	400	56670715	0	109869	400	56670715	-0.437632267098665	0.444855700268818	-0.444855700268818	0.504788078633295	0.90963625898921
chr15	48408312	48646709	-	FBN1	15	31681	3	238394	397	56542190	0	238397	400	56542187	1	238396	399	56542188	1	238396	399	56542188	-0.296380877471874	0.484153235294798	-0.484153235294798	0.486547070095075	0.90963625898921
chr15	56087279	56244879	-	RFX7	15	31808	1	157599	399	56622985	1	157599	399	56622985	1	157599	399	56622985	0	157600	400	56622984	-0.393155005351125	0.529650709475391	-0.529650709475391	0.466753745480836	0.904335381869119
chr15	99136322	99250581	-	TTC23	15	32666	0	114259	400	56666325	2	114257	398	56666327	0	114259	400	56666325	0	114259	400	56666325	-0.476888964287766	0.535726037043787	-0.535726037043787	0.464209412750281	0.904335381869119
chr15	90387241	90502239	+	IQGAP1	15	32526	0	114998	400	56665586	0	114998	400	56665586	1	114997	399	56665587	1	114997	399	56665587	-0.483348969367922	0.551618221368699	-0.551618221368699	0.45765724262932	0.904335381869119
chr15	30657716	30772993	+	AC091057.1	15	31309	0	115277	400	56665307	1	115276	399	56665308	0	115277	400	56665307	1	115276	399	56665308	-0.48577709437666	0.557661399478093	-0.557661399478093	0.455204037814655	0.904335381869119
chr15	90528922	90645345	+	CRTC3	15	32528	1	116422	399	56664162	0	116423	400	56664161	1	116422	399	56664162	0	116423	400	56664161	-0.495689543812362	0.582728963228874	-0.582728963228874	0.445244638104522	0.904335381869119
chr15	81426447	81755217	+	AC060809.1	15	32346	0	328770	400	56451814	0	328770	400	56451814	1	328769	399	56451815	6	328764	394	56451820	-0.281674521442942	0.608176020941755	-0.608176020941755	0.435475398149722	0.899982489509425
chr15	81195878	81314058	+	IL16	15	32338	1	118179	399	56662405	1	118179	399	56662405	0	118180	400	56662404	0	118180	400	56662404	-0.51069939103393	0.621913983479317	-0.621913983479317	0.430336925808925	0.89935582247708
chr15	56917622	57288514	+	TCF12	15	31825	1	370891	399	56409693	1	370891	399	56409693	3	370889	397	56409695	3	370889	397	56409695	-0.268814045285072	0.629759375951835	-0.629759375951835	0.427443590103836	0.89935582247708
chr15	39799007	39921266	-	GPR176	15	31434	1	122258	399	56658326	1	122258	399	56658326	0	122259	400	56658325	0	122259	400	56658325	-0.544704381908652	0.716262726440618	-0.716262726440618	0.397372545529017	0.849555097337899
chr15	38865321	39119713	-	AC013652.1	15	31421	0	254392	400	56526192	0	254392	400	56526192	2	254390	398	56526194	3	254389	397	56526195	-0.361603166498165	0.737292426987551	-0.737292426987551	0.390529593118756	0.849555097337899
chr15	57590907	57714745	+	GCOM1	15	31835	0	123838	400	56656746	1	123837	399	56656747	0	123838	400	56656746	1	123837	399	56656747	-0.557564817813941	0.754002165442216	-0.754002165442216	0.385212072182072	0.849555097337899
chr15	48177437	48303786	+	SLC12A1	15	31675	2	126347	398	56654237	0	126349	400	56654235	0	126349	400	56654235	0	126349	400	56654235	-0.57768287799929	0.81535528718814	-0.81535528718814	0.366541680110106	0.831423810981459
chr15	93588866	93760799	+	AC110023.1	15	32587	1	171932	399	56608652	0	171933	400	56608651	1	171932	399	56608652	1	171932	399	56608652	-0.480453253153781	0.815979534985672	-0.815979534985672	0.366358283790816	0.831423810981459
chr15	80778342	80951776	+	CEMIP	15	32327	2	173432	398	56607152	1	173433	399	56607151	0	173434	400	56607150	0	173434	400	56607150	-0.489172064155327	0.848516711987031	-0.848516711987031	0.356972291653403	0.829960578094163
chr15	33866226	34040204	-	AVEN	15	31355	0	173978	400	56606606	2	173976	398	56606608	0	173978	400	56606606	1	173977	399	56606607	-0.492313418698768	0.860421060642693	-0.860421060642693	0.353620887589282	0.829960578094163
chr15	32765543	33195714	-	FMN1	15	31346	1	430170	399	56350414	2	430169	398	56350415	3	430168	397	56350416	3	430168	397	56350416	-0.29972613602491	0.889553714012436	-0.889553714012436	0.345598275815533	0.829960578094163
chr15	72473329	72602987	+	ARIH1	15	32113	1	129657	399	56650927	0	129658	400	56650926	1	129657	399	56650927	0	129658	400	56650926	-0.603593683020562	0.898619300976861	-0.898619300976861	0.343152197237901	0.829960578094163
chr15	51447710	51623833	-	DMXL2	15	31741	0	176123	400	56604461	0	176123	400	56604461	0	176123	400	56604461	3	176120	397	56604464	-0.504605125166516	0.907930796500295	-0.907930796500295	0.34066403602328	0.829960578094163
chr15	51208056	51339596	-	CYP19A1	15	31732	0	131540	400	56649044	1	131539	399	56649045	0	131540	400	56649044	1	131539	399	56649045	-0.618037732941716	0.947151639731601	-0.947151639731601	0.330445384167712	0.829960578094163
chr15	52307282	52530050	-	MYO5A	15	31771	3	222765	397	56557819	1	222767	399	56557817	0	222768	400	56557816	0	222768	400	56557816	-0.452069095450025	0.952661933792115	-0.952661933792115	0.329042649301891	0.829960578094163
chr15	55611543	55744152	-	PRTG	15	31804	1	132608	399	56647976	0	132609	400	56647975	0	132609	400	56647975	1	132608	399	56647976	-0.626150595214508	0.975086525562801	-0.975086525562801	0.323414881907588	0.829960578094163
chr15	31475397	31656339	-	OTUD7A	15	31321	0	180942	400	56599642	2	180940	398	56599644	0	180942	400	56599642	1	180941	399	56599643	-0.531684300177058	1.01789753578487	-1.01789753578487	0.313018239184392	0.829960578094163
chr15	99250361	99386202	+	LRRC28	15	32669	1	135840	399	56644744	1	135840	399	56644744	0	135841	400	56644743	0	135841	400	56644743	-0.650287876051141	1.06111524712469	-1.06111524712469	0.30296096073969	0.829960578094163
chr15	77100655	77421144	-	PEAK1	15	32245	2	320487	398	56460097	1	320488	399	56460096	1	320488	399	56460096	2	320487	398	56460097	-0.410796253204322	1.1608550866149	-1.1608550866149	0.281288273578563	0.80491721362481
chr15	97233245	97432086	+	LINC02253	15	32633	0	198841	400	56581743	1	198840	399	56581744	1	198840	399	56581744	1	198840	399	56581744	-0.62632993451306	1.4621452542051	-1.4621452542051	0.226589096616439	0.679767289849317
chr15	99564699	99716466	+	MEF2A	15	32676	1	151766	399	56628818	1	151766	399	56628818	0	151767	400	56628817	0	151767	400	56628817	-0.761430823552839	1.51636626815889	-1.51636626815889	0.218170214448592	0.665240326023576
chr15	31965430	32168880	+	CHRNA7	15	31323	1	203449	399	56577135	1	203449	399	56577135	1	203449	399	56577135	0	203450	400	56577134	-0.649326244713742	1.58484096125903	-1.58484096125903	0.208064767833668	0.645000780284371
chr15	24100826	24445011	+	PWRN1	15	31129	0	344185	400	56436399	3	344182	397	56436402	1	344184	399	56436400	2	344183	398	56436401	-0.482547707285426	1.64313963895256	-1.64313963895256	0.199895240908749	0.630178217102157
chr15	61852388	62061447	-	VPS13C	15	31900	1	209058	399	56571526	0	209059	400	56571525	2	209057	398	56571527	0	209059	400	56571525	-0.676621721853799	1.73832776718336	-1.73832776718336	0.187350849243086	0.604024430485984
chr15	87859750	88257747	-	NTRK3	15	32453	2	397995	398	56382589	2	397995	398	56382589	1	397996	399	56382588	2	397995	398	56382589	-0.473988551698235	1.84234819687117	-1.84234819687117	0.174675973431881	0.587430088984271
chr15	49858237	50120233	-	ATP8B4	15	31707	3	261993	397	56518591	0	261996	400	56518588	1	261995	399	56518589	0	261996	400	56518588	-0.614961964649574	1.86977547561401	-1.86977547561401	0.171500796778172	0.587430088984271
chr15	42942896	43107038	-	UBR1	15	31555	0	164142	400	56616442	0	164142	400	56616442	1	164141	399	56616443	1	164141	399	56616443	-0.84003508095235	1.90131423218554	-1.90131423218554	0.16793128839402	0.587430088984271
chr15	91852707	92165903	+	SLCO3A1	15	32561	1	313195	399	56467389	1	313195	399	56467389	3	313193	397	56467391	0	313196	400	56467388	-0.570597735246315	1.97802101530397	-1.97802101530397	0.159599044014121	0.58206710169856
chr15	29120253	29571723	-	FAM189A1	15	31273	4	451466	396	56329118	2	451468	398	56329116	2	451468	398	56329116	0	451470	400	56329114	-0.466842481701484	2.03557959750469	-2.03557959750469	0.153655602203635	0.571598840197522
chr15	57375504	57550727	+	CGNL1	15	31829	0	175223	400	56605361	1	175222	399	56605362	0	175223	400	56605361	1	175222	399	56605362	-0.905558554849776	2.26558543345891	-2.26558543345891	0.132276217477045	0.52347609469639
chr15	49154764	49331882	+	GALK2	15	31699	0	177118	400	56603466	0	177118	400	56603466	0	177118	400	56603466	2	177116	398	56603468	-0.916348792026417	2.32955371784192	-2.32955371784192	0.126938265210387	0.513272115850696
chr15	82924883	83103443	+	AC022558.2	15	32375	0	178560	400	56602024	2	178558	398	56602026	0	178560	400	56602024	0	178560	400	56602024	-0.924482792696084	2.37853997981438	-2.37853997981438	0.123012466810875	0.50845152948495
chr15	97339692	97523032	-	LINC02254	15	32635	0	183340	400	56597244	0	183340	400	56597244	1	183339	399	56597245	1	183339	399	56597245	-0.950984991884827	2.54277950186952	-2.54277950186952	0.110799583762746	0.490683870949306
chr15	83653087	84039427	+	ADAMTSL3	15	32391	1	386339	399	56394245	2	386338	398	56394246	1	386339	399	56394245	2	386338	398	56394246	-0.59883391618596	2.63882313911745	-2.63882313911745	0.104280765856249	0.47307859632347
chr15	25677270	25864330	-	ATP10A	15	31235	1	187059	399	56593525	0	187060	400	56593524	0	187060	400	56593524	1	187059	399	56593525	-0.971137844333733	2.6725026051281	-2.6725026051281	0.102095370049985	0.47307859632347
chr15	27754874	28100312	-	OCA2	15	31258	1	345437	399	56435147	3	345435	397	56435149	1	345437	399	56435147	0	345438	400	56435146	-0.669153239656082	2.82013350712077	-2.82013350712077	0.0930886602923402	0.443961302932699
chr15	47811728	48006060	+	AC092078.2	15	31669	1	194331	399	56586253	0	194332	400	56586252	1	194331	399	56586253	0	194332	400	56586252	-1.0094050634682	2.93064376089023	-2.93064376089023	0.086912829559409	0.425415428896055
chr15	46409308	46661103	+	AC012405.1	15	31656	1	251794	399	56528790	1	251794	399	56528790	1	251794	399	56528790	0	251795	400	56528789	-0.863376804881429	3.03608992457885	-3.03608992457885	0.0814318444779804	0.409360083051469
chr15	91407715	91605869	+	AC104035.1	15	32558	0	198154	400	56582430	0	198154	400	56582430	2	198152	398	56582432	0	198154	400	56582430	-1.02894912784762	3.06861145472067	-3.06861145472067	0.0798176206559653	0.409360083051469
chr15	73050709	73305205	+	NEO1	15	32125	0	254496	400	56526088	1	254495	399	56526089	1	254495	399	56526089	1	254495	399	56526089	-0.874094472989372	3.1246862097687	-3.1246862097687	0.077114716884271	0.409360083051469
chr15	51036487	51293912	+	MIR4713HG	15	31729	1	257424	399	56523160	0	257425	400	56523159	0	257425	400	56523159	2	257423	398	56523161	-0.885589621413042	3.22153273612639	-3.22153273612639	0.0726755503557662	0.409360083051469
chr15	53977200	54628707	+	UNC13C	15	31786	1	651506	399	56129078	3	651504	397	56129080	4	651503	396	56129081	3	651504	397	56129080	-0.516839500885824	3.48282443296193	-3.48282443296193	0.0620088181014497	0.360426255214676
chr15	67541702	67807114	+	MAP2K5	15	32033	1	265411	399	56515173	0	265412	400	56515172	2	265410	398	56515174	0	265412	400	56515172	-0.916285944085488	3.48956112559245	-3.48956112559245	0.0617569551262688	0.360426255214676
chr15	60488283	61230302	-	RORA	15	31883	0	742019	400	56038565	4	742015	396	56038569	3	742016	397	56038568	6	742013	394	56038571	-0.480226381034813	3.50153652032896	-3.50153652032896	0.0613119196688178	0.360426255214676
chr15	85379602	85749355	+	AKAP13	15	32426	1	369752	399	56410832	0	369753	400	56410831	2	369751	398	56410833	2	369751	398	56410833	-0.737606457099727	3.51461006546015	-3.51461006546015	0.060829969570708	0.360426255214676
chr15	56652487	56919571	-	AC090517.4	15	31819	2	267082	398	56513502	1	267083	399	56513501	0	267084	400	56513500	0	267084	400	56513500	-0.922595427206164	3.54637733192067	-3.54637733192067	0.0596756037062166	0.360426255214676
chr15	36889203	37101549	-	MEIS2	15	31400	0	212346	400	56568238	0	212346	400	56568238	0	212346	400	56568238	2	212344	398	56568240	-1.09837266145465	3.59363924298668	-3.59363924298668	0.0580010949335418	0.360426255214676
chr15	87325828	87704825	-	AC020687.1	15	32449	0	378997	400	56401587	1	378996	399	56401588	2	378995	398	56401589	2	378995	398	56401589	-0.762463496555912	3.79046278611349	-3.79046278611349	0.0515453950432538	0.360426255214676
chr15	61298790	61636449	-	AC104574.2	15	31895	0	337659	400	56442925	1	337658	399	56442926	1	337658	399	56442926	2	337657	398	56442927	-0.870009718538219	4.11618050285324	-4.11618050285324	0.0424748719519733	0.317080470667132
chr15	86078972	87029052	+	AGBL1	15	32442	2	950078	398	55830506	5	950075	395	55830509	2	950078	398	55830506	8	950072	392	55830512	-0.460329692313062	4.16356544729206	-4.16356544729206	0.0413023748386412	0.317080470667132
chr15	71822290	72119150	-	MYO9A	15	32096	2	296858	398	56483726	0	296860	400	56483724	1	296859	399	56483725	0	296860	400	56483724	-1.02882016220349	4.59549345971027	-4.59549345971027	0.0320561136978029	0.283925578466255
chr15	24557059	24912924	+	AC090983.2	15	31134	0	355865	400	56424719	3	355862	397	56424722	0	355865	400	56424719	1	355864	399	56424720	-0.92284741296919	4.72582135497214	-4.72582135497214	0.0297129890939384	0.276330798573627
chr15	67253785	67501804	+	IQCH	15	32029	0	248019	400	56532565	0	248019	400	56532565	1	248018	399	56532566	1	248018	399	56532566	-1.25429215432375	4.98857183430664	-4.98857183430664	0.0255152591553092	0.249780958046711
chr15	98647538	98964530	+	IGF1R	15	32656	1	316991	399	56463593	0	316992	400	56463592	2	316990	398	56463594	0	316992	400	56463592	-1.09479269721313	5.34040611597447	-5.34040611597447	0.0208366182778154	0.215311722204092
chr15	49326969	49621818	-	FAM227B	15	31702	0	294849	400	56485735	0	294849	400	56485735	1	294848	399	56485736	1	294848	399	56485736	-1.42807919465741	6.94530418131035	-6.94530418131035	0.00840395456083853	0.120241196024305
chr15	26970180	27541984	+	GABRG3	15	31249	2	571802	398	56208782	1	571803	399	56208781	3	571801	397	56208783	0	571804	400	56208780	-0.994207764057057	8.43550413830963	-8.43550413830963	0.00367964853611824	0.0622195116107266
chr15	71095951	71783383	+	THSD4	15	32089	1	687431	399	56093153	2	687430	398	56093154	4	687428	396	56093156	1	687431	399	56093153	-0.891495778942655	8.67400865443779	-8.67400865443779	0.00322780392014144	0.0600371529146307
chr15	47183100	47774221	+	SEMA6D	15	31661	2	591119	398	56189465	1	591120	399	56189464	2	591119	398	56189465	1	591120	399	56189464	-1.02777603287674	9.13259915231174	-9.13259915231174	0.00251094743708191	0.0518929136996928
chr15	65895078	66254747	-	MEGF11	15	31999	0	359669	400	56420915	2	359667	398	56420917	0	359669	400	56420915	0	359669	400	56420915	-1.62794850873805	9.82007149801939	-9.82007149801939	0.00172617631658889	0.0458669706979334
chr15	33309944	33866103	+	RYR3	15	31350	2	556157	398	56224427	1	556158	399	56224426	1	556158	399	56224426	1	556158	399	56224426	-1.14913650759698	9.99098335400049	-9.99098335400049	0.00157308577430326	0.0458669706979334
chr15	76347903	76906340	-	SCAPER	15	32235	2	558435	398	56222149	2	558435	398	56222149	0	558437	400	56222147	1	558436	399	56222148	-1.1532646191907	10.0793562050603	-10.0793562050603	0.00149939713053227	0.0458669706979334
